,state,county,parks,pitches,sports_centres,schools
0,Kansas,Pratt,12,27,2,17
1,Kansas,Thomas,4,16,4,12
2,Kansas,Douglas,80,318,29,107
3,Kansas,Sherman,9,19,0,15
4,Kansas,Wabaunsee,6,20,2,26
5,Kansas,Sumner,12,54,0,61
6,Kansas,Barton,22,85,5,52
7,Kansas,Ellis,32,98,4,32
8,Kansas,Grant,1,9,0,16
9,Kansas,Osborne,7,17,3,17
10,Kansas,Finney,28,63,1,48
11,Kansas,McPherson,27,102,6,60
12,Kansas,Linn,14,20,0,20
13,Kansas,Logan,3,10,0,9
14,Kansas,Russell,11,15,0,24
15,Kansas,Jewell,5,6,0,14
16,Kansas,Lane,1,8,0,9
17,Kansas,Johnson,387,1677,112,473
18,Kansas,Sedgwick,191,883,26,369
19,Kansas,Morton,7,9,1,10
20,Kansas,Dickinson,7,43,2,25
21,Kansas,Cowley,41,151,3,98
22,Kansas,Shawnee,132,289,18,185
23,Kansas,Rice,7,37,1,20
24,Kansas,Saline,21,121,7,82
25,Kansas,Geary,31,39,2,40
26,Kansas,Harvey,29,77,2,53
27,Kansas,Nemaha,9,32,1,27
28,Kansas,Reno,38,119,3,75
29,Kansas,Seward,11,36,1,18
30,Kansas,Atchison,12,45,2,50
31,Kansas,Crawford,21,72,3,48
32,Kansas,Miami,18,76,3,79
33,Kansas,Stafford,4,17,0,17
34,Kansas,Marshall,8,32,7,28
35,Kansas,Jefferson,18,34,5,50
36,Kansas,Scott,6,11,0,8
37,Kansas,Gove,2,14,0,12
38,Kansas,Anderson,1,13,0,18
39,Kansas,Wallace,1,9,0,7
40,Kansas,Leavenworth,43,241,6,122
41,Kansas,Rooks,5,15,0,20
42,Kansas,Barber,6,18,0,8
43,Kansas,Kearny,1,22,0,16
44,Kansas,Stanton,1,20,0,6
45,Kansas,Cheyenne,2,6,0,9
46,Kansas,Ness,3,13,0,16
47,Kansas,Haskell,1,8,0,14
48,Kansas,Clay,11,21,1,26
49,Kansas,Kiowa,4,14,0,9
50,Kansas,Morris,12,15,0,9
51,Kansas,Phillips,8,24,0,14
52,Kansas,Smith,2,9,0,9
53,Kansas,Greeley,0,7,0,4
54,Kansas,Pawnee,7,29,1,15
55,Kansas,Lyon,27,54,6,48
56,Kansas,Graham,4,12,1,9
57,Kansas,Rawlins,6,14,0,10
58,Kansas,Trego,8,15,0,8
59,Kansas,Republic,5,11,2,13
60,Kansas,Chase,3,7,0,5
61,Kansas,Montgomery,13,64,1,65
62,Kansas,Wichita,0,4,0,10
63,Kansas,Marion,33,52,5,25
64,Kansas,Franklin,12,73,4,53
65,Kansas,Allen,20,43,0,30
66,Kansas,Wyandotte,76,221,9,189
67,Kansas,Butler,36,125,2,86
68,Kansas,Gray,6,19,0,10
69,Kansas,Greenwood,6,15,2,14
70,Kansas,Sheridan,7,10,1,8
71,Kansas,Ottawa,7,14,0,14
72,Kansas,Lincoln,1,9,1,9
73,Kansas,Brown,32,48,2,24
74,Kansas,Cherokee,15,43,0,48
75,Kansas,Kingman,5,17,1,15
76,Kansas,Cloud,10,34,3,29
77,Kansas,Washington,2,16,3,15
78,Kansas,Riley,60,169,34,48
79,Kansas,Comanche,4,12,1,6
80,Kansas,Coffey,14,26,1,12
81,Kansas,Labette,22,61,4,39
82,Kansas,Jackson,9,24,0,36
83,Kansas,Ellsworth,15,33,0,26
84,Kansas,Woodson,9,9,0,8
85,Kansas,Mitchell,6,19,0,22
86,Kansas,Doniphan,9,15,3,50
87,Kansas,Wilson,6,25,0,25
88,Kansas,Rush,3,9,0,11
89,Kansas,Osage,24,29,0,33
90,Kansas,Pottawatomie,27,60,4,44
91,Kansas,Ford,10,110,1,30
92,New Mexico,Curry,22,72,7,34
93,New Mexico,Otero,36,108,8,68
94,New Mexico,Union,11,12,0,14
95,New Mexico,Guadalupe,10,20,0,14
96,New Mexico,Harding,3,3,0,8
97,New Mexico,Mora,8,11,1,11
98,New Mexico,McKinley,23,106,6,176
99,New Mexico,Hidalgo,6,15,0,13
100,New Mexico,Colfax,34,67,5,39
101,New Mexico,Lea,45,153,8,82
102,New Mexico,Catron,12,12,3,9
103,New Mexico,Eddy,56,144,16,76
104,New Mexico,Torrance,19,36,2,30
105,New Mexico,Socorro,24,61,10,35
106,New Mexico,Roosevelt,11,44,3,14
107,New Mexico,Sandoval,95,313,15,109
108,New Mexico,Bernalillo,0,0,0,0
109,New Mexico,Taos,0,0,0,0
110,New Mexico,Do√±a_Ana,128,168,24,167
111,New Mexico,Santa_Fe,0,0,0,0
112,New Mexico,Lincoln,28,58,3,27
113,New Mexico,Quay,22,42,0,26
114,New Mexico,Sierra,20,20,4,13
115,New Mexico,Valencia,51,140,3,309
116,New Mexico,Luna,12,19,2,24
117,New Mexico,Los_Alamos,30,103,22,23
118,New Mexico,Chaves,48,201,1,87
119,New Mexico,San_Juan,86,137,14,139
120,New Mexico,Grant,24,54,2,31
121,New Mexico,San_Miguel,0,0,0,0
122,New Mexico,Rio_Arriba,0,0,0,0
123,New Mexico,Cibola,17,55,1,50
124,Connecticut,Northwest_Hills_Planning_Region,81,335,11,128
125,Connecticut,Naugatuck_Valley_Planning_Region,167,534,11,266
126,Connecticut,Southeastern_Connecticut_Planning_Region,201,582,8,201
127,Connecticut,Capitol_Planning_Region,452,1793,64,698
128,Connecticut,South_Central_Connecticut_Planning_Region,303,988,37,391
129,Connecticut,Lower_Connecticut_River_Valley_Planning_Region,107,457,13,119
130,Connecticut,Western_Connecticut_Planning_Region,270,1169,23,320
131,Connecticut,Greater_Bridgeport_Planning_Region,144,411,18,211
132,Connecticut,Northeastern_Connecticut_Planning_Region,70,158,4,91
133,Indiana,Delaware,46,227,9,69
134,Indiana,Jasper,23,99,1,18
135,Indiana,Monroe,52,361,14,70
136,Indiana,Allen,133,784,25,214
137,Indiana,Lawrence,32,79,3,34
138,Indiana,Wabash,35,118,5,17
139,Indiana,Wayne,23,139,5,50
140,Indiana,Jay,10,27,1,13
141,Indiana,Union,2,22,1,6
142,Indiana,Marion,355,1436,58,537
143,Indiana,Benton,5,24,1,10
144,Indiana,Brown,7,40,2,10
145,Indiana,Newton,12,47,2,18
146,Indiana,Jefferson,16,49,1,24
147,Indiana,Bartholomew,28,170,2,54
148,Indiana,DeKalb,24,104,2,18
149,Indiana,Greene,6,74,1,14
150,Indiana,Hancock,32,179,1,37
151,Indiana,Elkhart,86,439,37,146
152,Indiana,Whitley,17,78,1,20
153,Indiana,Owen,7,45,3,8
154,Indiana,Starke,6,57,0,14
155,Indiana,Carroll,11,58,0,9
156,Indiana,Harrison,10,124,2,20
157,Indiana,Vanderburgh,78,297,7,112
158,Indiana,Blackford,4,21,0,7
159,Indiana,Vigo,48,227,9,62
160,Indiana,Fountain,7,68,3,15
161,Indiana,LaPorte,69,358,6,97
162,Indiana,Hendricks,114,358,14,61
163,Indiana,Franklin,15,77,0,21
164,Indiana,Vermillion,4,36,0,16
165,Indiana,Johnson,73,389,12,54
166,Indiana,Martin,9,30,0,8
167,Indiana,Gibson,9,59,1,33
168,Indiana,Dubois,33,164,1,21
169,Indiana,Shelby,16,91,0,29
170,Indiana,Madison,47,238,7,76
171,Indiana,Tippecanoe,83,306,21,143
172,Indiana,Noble,15,77,7,29
173,Indiana,Tipton,7,44,3,10
174,Indiana,Montgomery,13,83,3,44
175,Indiana,Rush,9,32,0,21
176,Indiana,Daviess,15,66,2,22
177,Indiana,White,11,65,1,22
178,Indiana,Warrick,22,103,2,27
179,Indiana,Adams,40,81,0,20
180,Indiana,Sullivan,9,64,1,18
181,Indiana,Jennings,19,74,3,18
182,Indiana,Ripley,23,106,2,25
183,Indiana,Steuben,19,79,4,14
184,Indiana,Floyd,21,186,2,49
185,Indiana,Miami,13,83,5,26
186,Indiana,Clark,56,211,6,56
187,Indiana,Fulton,19,77,0,9
188,Indiana,Decatur,11,68,2,13
189,Indiana,Henry,15,135,3,42
190,Indiana,Ohio,5,20,0,5
191,Indiana,Washington,7,66,0,13
192,Indiana,Scott,8,33,1,16
193,Indiana,Kosciusko,45,191,16,60
194,Indiana,Jackson,20,86,2,32
195,Indiana,Orange,11,73,3,19
196,Indiana,Randolph,15,59,3,22
197,Indiana,St_Joseph,142,613,64,179
198,Indiana,Porter,84,333,10,96
199,Indiana,LaGrange,22,64,3,47
200,Indiana,Clinton,19,92,1,20
201,Indiana,Howard,32,209,4,40
202,Indiana,Crawford,7,13,0,15
203,Indiana,Posey,27,62,2,30
204,Indiana,Marshall,26,159,7,44
205,Indiana,Boone,53,177,3,39
206,Indiana,Dearborn,24,181,0,24
207,Indiana,Cass,39,90,2,18
208,Indiana,Fayette,7,43,0,13
209,Indiana,Warren,0,25,0,6
210,Indiana,Lake,314,827,30,359
211,Indiana,Grant,70,160,10,50
212,Indiana,Hamilton,231,816,45,142
213,Indiana,Knox,30,66,2,28
214,Indiana,Wells,23,64,1,17
215,Indiana,Clay,7,37,1,17
216,Indiana,Pulaski,7,52,0,14
217,Indiana,Parke,6,38,2,16
218,Indiana,Morgan,19,94,2,31
219,Indiana,Switzerland,4,15,1,5
220,Indiana,Huntington,28,60,0,19
221,Indiana,Putnam,27,67,3,17
222,Arkansas,Montgomery,14,4,0,19
223,Arkansas,Sebastian,75,225,5,96
224,Arkansas,Hot_Spring,13,51,0,29
225,Arkansas,Phillips,9,20,3,36
226,Arkansas,Crittenden,32,98,0,74
227,Arkansas,Garland,38,139,3,65
228,Arkansas,Union,28,82,0,57
229,Arkansas,Miller,20,43,0,23
230,Arkansas,Sharp,14,18,0,17
231,Arkansas,Washington,82,359,18,158
232,Arkansas,Little_River,9,14,0,20
233,Arkansas,Howard,6,16,0,18
234,Arkansas,Polk,10,32,0,17
235,Arkansas,Lawrence,14,30,1,36
236,Arkansas,Jackson,11,27,1,21
237,Arkansas,Yell,25,60,1,27
238,Arkansas,Pope,36,116,7,63
239,Arkansas,Faulkner,33,175,14,133
240,Arkansas,Baxter,25,43,0,18
241,Arkansas,Searcy,6,16,1,32
242,Arkansas,Independence,20,59,3,67
243,Arkansas,Drew,12,39,0,20
244,Arkansas,Chicot,1,8,1,19
245,Arkansas,Pike,20,12,0,11
246,Arkansas,Franklin,18,25,0,34
247,Arkansas,Pulaski,215,844,57,319
248,Arkansas,Stone,7,12,0,9
249,Arkansas,Saline,15,141,1,57
250,Arkansas,Cleburne,21,43,0,33
251,Arkansas,Izard,6,26,0,19
252,Arkansas,Van_Buren,14,39,0,32
253,Arkansas,Lee,11,9,0,17
254,Arkansas,White,30,196,10,82
255,Arkansas,Ouachita,9,33,0,26
256,Arkansas,Scott,8,8,2,20
257,Arkansas,Dallas,4,16,0,6
258,Arkansas,Jefferson,35,119,2,88
259,Arkansas,Clark,24,89,9,51
260,Arkansas,Perry,9,12,0,9
261,Arkansas,Columbia,9,30,0,49
262,Arkansas,St_Francis,5,22,0,32
263,Arkansas,Cross,12,24,1,22
264,Arkansas,Lonoke,25,89,3,76
265,Arkansas,Boone,13,54,2,33
266,Arkansas,Arkansas,16,47,4,21
267,Arkansas,Clay,11,40,0,11
268,Arkansas,Greene,23,55,2,48
269,Arkansas,Poinsett,18,40,1,25
270,Arkansas,Nevada,6,11,0,25
271,Arkansas,Desha,25,27,0,13
272,Arkansas,Carroll,14,47,0,13
273,Arkansas,Logan,29,34,0,35
274,Arkansas,Madison,10,11,0,9
275,Arkansas,Grant,6,26,3,28
276,Arkansas,Benton,151,491,9,155
277,Arkansas,Craighead,27,177,5,70
278,Arkansas,Crawford,30,59,3,35
279,Arkansas,Johnson,14,67,2,59
280,Idaho,Bear_Lake,12,35,1,22
281,Idaho,Cassia,17,16,3,30
282,Idaho,Jerome,15,13,0,25
283,Idaho,Payette,11,55,2,26
284,Idaho,Franklin,17,52,1,22
285,Idaho,Bingham,21,51,0,48
286,Idaho,Boise,9,10,1,17
287,Idaho,Bannock,113,201,5,69
288,Idaho,Power,11,27,5,14
289,Idaho,Lewis,3,6,0,12
290,Idaho,Elmore,47,33,1,25
291,Idaho,Kootenai,154,313,9,173
292,Idaho,Owyhee,7,11,0,20
293,Idaho,Bonneville,93,177,8,80
294,Idaho,Minidoka,10,17,1,16
295,Idaho,Idaho,27,19,4,32
296,Idaho,Bonner,39,75,3,58
297,Idaho,Caribou,12,17,0,28
298,Idaho,Benewah,12,18,2,15
299,Idaho,Teton,20,36,1,11
300,Idaho,Twin_Falls,58,110,10,86
301,Idaho,Lincoln,5,1,0,8
302,Idaho,Madison,25,60,6,32
303,Idaho,Blaine,24,102,8,15
304,Idaho,Canyon,161,669,27,208
305,Idaho,Gem,8,10,1,17
306,Idaho,Washington,6,42,1,21
307,Idaho,Oneida,2,4,0,7
308,Idaho,Latah,36,37,5,37
309,Idaho,Butte,6,3,0,10
310,Idaho,Camas,1,6,1,8
311,Idaho,Fremont,25,27,2,13
312,Idaho,Adams,4,1,2,6
313,Idaho,Lemhi,7,16,1,14
314,Idaho,Jefferson,15,20,1,20
315,Idaho,Nez_Perce,27,39,4,37
316,Idaho,Custer,11,28,0,15
317,Idaho,Gooding,11,14,0,27
318,Idaho,Boundary,5,13,1,19
319,Idaho,Shoshone,25,21,3,22
320,Idaho,Clearwater,17,17,0,9
321,Idaho,Ada,592,1001,104,342
322,Idaho,Valley,14,75,2,9
323,Wyoming,Weston,8,17,0,17
324,Wyoming,Teton,26,80,9,26
325,Wyoming,Natrona,45,63,8,60
326,Wyoming,Converse,21,46,0,35
327,Wyoming,Lincoln,40,56,2,27
328,Wyoming,Albany,53,71,7,45
329,Wyoming,Campbell,64,305,9,66
330,Wyoming,Laramie,80,162,8,94
331,Wyoming,Sweetwater,68,175,0,45
332,Wyoming,Crook,14,11,0,62
333,Wyoming,Platte,10,19,0,29
334,Wyoming,Fremont,31,75,2,78
335,Wyoming,Johnson,30,51,1,26
336,Wyoming,Goshen,13,29,5,47
337,Wyoming,Park,37,101,6,42
338,Wyoming,Big_Horn,23,41,1,36
339,Wyoming,Uinta,25,59,4,25
340,Wyoming,Sheridan,38,36,5,42
341,Wyoming,Sublette,9,12,0,13
342,Wyoming,Hot_Springs,4,10,0,10
343,Wyoming,Carbon,40,61,3,24
344,Wyoming,Washakie,13,18,1,21
345,Wyoming,Niobrara,4,8,0,14
346,Colorado,San_Miguel,5,37,1,6
347,Colorado,Park,5,24,7,16
348,Colorado,Crowley,1,20,1,6
349,Colorado,Moffat,15,22,2,19
350,Colorado,Gilpin,2,4,1,5
351,Colorado,Gunnison,31,53,4,11
352,Colorado,Conejos,5,15,6,29
353,Colorado,Chaffee,16,47,3,17
354,Colorado,Ouray,7,15,1,5
355,Colorado,Otero,13,86,4,44
356,Colorado,Denver,500,1163,86,578
357,Colorado,Costilla,2,0,0,3
358,Colorado,Pueblo,87,432,13,121
359,Colorado,Jefferson,456,1277,77,449
360,Colorado,Arapahoe,481,1918,79,493
361,Colorado,Montezuma,29,52,1,31
362,Colorado,Morgan,19,57,2,49
363,Colorado,Larimer,191,815,34,218
364,Colorado,Phillips,2,6,1,4
365,Colorado,Teller,17,24,3,17
366,Colorado,Kiowa,4,6,1,5
367,Colorado,Douglas,396,938,60,305
368,Colorado,Cheyenne,3,13,0,6
369,Colorado,Boulder,331,694,61,228
370,Colorado,Fremont,21,43,1,41
371,Colorado,Summit,29,123,8,14
372,Colorado,Pitkin,43,115,4,7
373,Colorado,Jackson,6,6,0,8
374,Colorado,Kit_Carson,8,18,1,23
375,Colorado,Prowers,13,23,4,33
376,Colorado,Yuma,15,29,1,16
377,Colorado,La_Plata,56,45,5,42
378,Colorado,Grand,32,88,9,25
379,Colorado,Baca,2,12,1,7
380,Colorado,Adams,436,707,58,354
381,Colorado,Montrose,34,29,2,36
382,Colorado,Weld,282,502,27,246
383,Colorado,Clear_Creek,21,18,1,6
384,Colorado,Lincoln,6,12,2,9
385,Colorado,Broomfield,119,150,20,53
386,Colorado,El_Paso,437,1356,92,386
387,Colorado,Huerfano,4,34,0,15
388,Colorado,Elbert,8,37,3,26
389,Colorado,Logan,12,39,0,27
390,Colorado,Routt,22,99,7,26
391,Colorado,Lake,3,8,0,9
392,Colorado,Garfield,66,69,3,49
393,Colorado,Mineral,4,4,0,4
394,Colorado,Sedgwick,6,6,2,15
395,Colorado,Eagle,51,181,6,34
396,Colorado,Rio_Blanco,5,15,1,14
397,Colorado,Bent,4,10,2,13
398,Colorado,Saguache,10,32,0,13
399,Colorado,Mesa,97,215,14,170
400,Colorado,Washington,5,7,0,15
401,Colorado,Alamosa,20,62,1,20
402,Colorado,Delta,17,41,0,24
403,Colorado,Archuleta,4,21,1,4
404,Colorado,Rio_Grande,12,39,0,25
405,Maryland,Charles,64,255,3,112
406,Maryland,Anne_Arundel,303,939,28,346
407,Maryland,Wicomico,68,189,8,110
408,Maryland,Caroline,49,127,3,39
409,Maryland,Baltimore,357,1944,70,528
410,Maryland,Baltimore_city,0,16,1,3
411,Maryland,Kent,37,94,5,22
412,Maryland,Garrett,23,78,2,56
413,Maryland,Dorchester,27,104,8,37
414,Maryland,Worcester,57,171,18,63
415,Maryland,Calvert,37,147,2,54
416,Maryland,Prince_George's,426,1057,40,646
417,Maryland,Carroll,102,293,13,110
418,Maryland,Queen_Anne's,34,184,3,38
419,Maryland,Frederick,0,0,0,0
420,Maryland,Harford,0,0,0,0
421,Maryland,Allegany,46,194,4,51
422,Maryland,Somerset,18,48,0,61
423,Maryland,Talbot,47,158,4,37
424,Maryland,Howard,82,653,16,216
425,Maryland,Montgomery,640,2685,104,761
426,Maryland,St_Mary's,92,249,9,119
427,Maryland,Cecil,63,281,7,96
428,Maryland,Washington,72,259,3,132
429,New Jersey,Union,225,776,19,321
430,New Jersey,Hunterdon,36,405,16,147
431,New Jersey,Hudson,202,577,16,299
432,New Jersey,Monmouth,297,1433,65,446
433,New Jersey,Sussex,42,407,7,70
434,New Jersey,Ocean,175,1156,17,216
435,New Jersey,Salem,14,109,0,56
436,New Jersey,Morris,219,1371,34,333
437,New Jersey,Atlantic,99,658,19,179
438,New Jersey,Burlington,117,1018,16,271
439,New Jersey,Essex,219,922,24,506
440,New Jersey,Camden,217,922,29,504
441,New Jersey,Gloucester,80,638,13,183
442,New Jersey,Cumberland,12,242,3,120
443,New Jersey,Warren,45,323,8,153
444,New Jersey,Mercer,174,1011,28,360
445,New Jersey,Cape_May,46,281,5,49
446,New Jersey,Somerset,162,922,28,232
447,New Jersey,Middlesex,295,1410,61,454
448,New Jersey,Bergen,360,1604,46,660
449,New Jersey,Passaic,213,437,111,308
450,Oklahoma,Beckham,8,39,4,19
451,Oklahoma,Washington,21,18,2,26
452,Oklahoma,Seminole,7,35,0,28
453,Oklahoma,Garvin,5,41,2,24
454,Oklahoma,Okmulgee,17,41,0,44
455,Oklahoma,McIntosh,6,29,0,27
456,Oklahoma,Ottawa,16,29,0,27
457,Oklahoma,Bryan,20,79,5,38
458,Oklahoma,Delaware,16,34,3,14
459,Oklahoma,Latimer,3,18,0,6
460,Oklahoma,Beaver,8,29,0,9
461,Oklahoma,Cleveland,151,348,11,201
462,Oklahoma,Woodward,12,22,1,10
463,Oklahoma,Kay,48,51,2,47
464,Oklahoma,Mayes,28,60,0,23
465,Oklahoma,Texas,36,38,1,32
466,Oklahoma,Ellis,7,5,0,8
467,Oklahoma,Le_Flore,18,27,2,42
468,Oklahoma,Pittsburg,34,51,0,24
469,Oklahoma,Wagoner,41,79,4,55
470,Oklahoma,Comanche,114,156,6,88
471,Oklahoma,Cherokee,40,29,3,35
472,Oklahoma,Harmon,3,3,2,2
473,Oklahoma,Pawnee,12,18,1,14
474,Oklahoma,Harper,8,9,0,5
475,Oklahoma,Carter,17,28,1,29
476,Oklahoma,Canadian,55,126,3,56
477,Oklahoma,Logan,15,189,4,17
478,Oklahoma,McCurtain,19,39,3,54
479,Oklahoma,Caddo,14,17,0,30
480,Oklahoma,Jefferson,8,4,0,3
481,Oklahoma,Garfield,37,113,6,59
482,Oklahoma,Sequoyah,20,40,3,80
483,Oklahoma,Lincoln,13,32,3,57
484,Oklahoma,Kingfisher,8,31,0,22
485,Oklahoma,Washita,14,21,0,10
486,Oklahoma,Coal,2,5,0,6
487,Oklahoma,Cimarron,44,5,0,5
488,Oklahoma,Oklahoma,572,1324,37,526
489,Oklahoma,Payne,35,393,10,53
490,Oklahoma,Osage,31,67,1,42
491,Oklahoma,Pottawatomie,46,57,4,55
492,Oklahoma,Craig,4,19,0,16
493,Oklahoma,Jackson,25,45,5,19
494,Oklahoma,Atoka,8,32,0,23
495,Oklahoma,Rogers,28,96,2,44
496,Oklahoma,Haskell,3,7,4,14
497,Oklahoma,Tillman,11,19,1,22
498,Oklahoma,Creek,22,48,2,27
499,Oklahoma,Kiowa,10,4,0,7
500,Oklahoma,Woods,49,27,1,14
501,Oklahoma,McClain,18,95,2,55
502,Oklahoma,Stephens,26,53,3,51
503,Oklahoma,Marshall,11,13,0,11
504,Oklahoma,Blaine,16,17,2,13
505,Oklahoma,Tulsa,270,1076,53,420
506,Oklahoma,Murray,6,24,3,35
507,Oklahoma,Noble,8,18,0,15
508,Oklahoma,Grady,15,52,4,45
509,Oklahoma,Muskogee,41,90,6,79
510,Oklahoma,Pontotoc,19,76,0,24
511,Georgia,Coweta,45,173,4,63
512,Georgia,Colquitt,27,80,1,65
513,Georgia,Gwinnett,141,1828,34,319
514,Georgia,Madison,3,37,1,14
515,Georgia,Cook,6,16,1,18
516,Georgia,Towns,7,51,1,7
517,Georgia,Dougherty,50,116,7,88
518,Georgia,Jones,8,53,1,28
519,Georgia,Johnson,1,11,0,15
520,Georgia,Randolph,4,9,0,17
521,Georgia,Tattnall,8,41,0,12
522,Georgia,Columbia,48,228,12,77
523,Georgia,Appling,2,37,0,10
524,Georgia,Habersham,13,65,0,33
525,Georgia,Stewart,8,8,0,17
526,Georgia,Clay,11,7,0,4
527,Georgia,Chattooga,11,30,0,21
528,Georgia,Douglas,42,163,4,55
529,Georgia,Gilmer,9,29,4,38
530,Georgia,Dodge,5,19,0,16
531,Georgia,Peach,8,48,1,11
532,Georgia,Telfair,3,17,0,5
533,Georgia,Hancock,5,3,0,6
534,Georgia,Haralson,12,66,4,43
535,Georgia,Macon,2,17,0,14
536,Georgia,Carroll,73,184,3,61
537,Georgia,Coffee,15,64,1,14
538,Georgia,Taliaferro,4,1,0,4
539,Georgia,Clayton,46,131,3,102
540,Georgia,Burke,2,49,0,23
541,Georgia,Pierce,1,28,0,8
542,Georgia,Lowndes,38,194,10,107
543,Georgia,Baldwin,10,107,4,30
544,Georgia,Crisp,11,48,1,38
545,Georgia,Meriwether,5,23,0,11
546,Georgia,Dawson,8,53,1,16
547,Georgia,Dade,8,25,2,15
548,Georgia,DeKalb,270,698,40,346
549,Georgia,Echols,0,3,0,10
550,Georgia,Union,12,35,2,17
551,Georgia,Lee,4,38,2,6
552,Georgia,Twiggs,2,15,0,9
553,Georgia,Greene,5,42,0,17
554,Georgia,Oconee,11,162,6,55
555,Georgia,Wayne,17,32,0,17
556,Georgia,Harris,10,56,2,21
557,Georgia,Fannin,11,28,1,36
558,Georgia,Butts,6,29,0,13
559,Georgia,Stephens,6,31,1,10
560,Georgia,Chattahoochee,30,27,3,14
561,Georgia,Bibb,93,285,8,110
562,Georgia,Jasper,5,40,2,34
563,Georgia,Monroe,6,51,1,15
564,Georgia,Wilcox,4,16,1,7
565,Georgia,Muscogee,62,261,10,103
566,Georgia,Whitfield,38,100,1,58
567,Georgia,Pickens,14,75,3,22
568,Georgia,Cobb,195,1555,42,390
569,Georgia,Camden,47,146,3,23
570,Georgia,Jeff_Davis,5,32,0,4
571,Georgia,Rockdale,31,104,18,29
572,Georgia,Houston,42,243,7,131
573,Georgia,Marion,1,27,1,3
574,Georgia,Newton,22,91,3,32
575,Georgia,Bleckley,3,40,2,9
576,Georgia,Gordon,5,101,2,30
577,Georgia,Catoosa,16,70,2,62
578,Georgia,Upson,8,32,0,20
579,Georgia,Hall,94,341,12,134
580,Georgia,Pulaski,4,14,0,14
581,Georgia,Effingham,33,88,2,22
582,Georgia,Forsyth,63,809,10,165
583,Georgia,Liberty,44,105,5,54
584,Georgia,Emanuel,12,37,1,20
585,Georgia,Troup,45,122,5,53
586,Georgia,Murray,10,30,0,27
587,Georgia,Putnam,12,36,2,9
588,Georgia,Washington,4,18,3,12
589,Georgia,Quitman,2,1,0,5
590,Georgia,McIntosh,14,17,0,13
591,Georgia,Paulding,32,175,3,73
592,Georgia,Fayette,79,228,9,95
593,Georgia,Laurens,8,82,1,37
594,Georgia,Charlton,13,24,3,7
595,Georgia,Tift,9,76,1,27
596,Georgia,Miller,2,18,0,10
597,Georgia,Candler,1,23,0,5
598,Georgia,Warren,2,12,0,7
599,Georgia,Lumpkin,24,42,0,17
600,Georgia,Bartow,48,185,3,89
601,Georgia,Ware,21,45,2,30
602,Georgia,Montgomery,5,16,1,10
603,Georgia,Lamar,1,49,0,31
604,Georgia,Thomas,14,130,4,92
605,Georgia,Seminole,9,20,0,9
606,Georgia,Evans,1,25,0,6
607,Georgia,Wilkes,10,33,0,18
608,Georgia,Talbot,2,10,0,13
609,Georgia,Franklin,14,41,1,22
610,Georgia,Fulton,462,1949,63,522
611,Georgia,Wilkinson,3,23,0,4
612,Georgia,Bryan,14,80,3,21
613,Georgia,McDuffie,6,31,0,11
614,Georgia,Clarke,50,258,13,68
615,Georgia,Polk,7,65,1,23
616,Georgia,White,24,64,0,14
617,Georgia,Heard,10,21,1,13
618,Georgia,Decatur,27,98,2,38
619,Georgia,Bulloch,27,107,3,27
620,Georgia,Jefferson,6,34,2,16
621,Georgia,Lanier,1,12,0,15
622,Georgia,Ben_Hill,6,26,1,11
623,Georgia,Walton,33,113,0,43
624,Georgia,Jackson,17,163,2,57
625,Georgia,Brantley,3,25,0,6
626,Georgia,Barrow,18,135,6,24
627,Georgia,Dooly,4,18,1,16
628,Georgia,Glynn,68,281,27,66
629,Georgia,Spalding,20,89,1,41
630,Georgia,Early,13,22,0,18
631,Georgia,Screven,1,23,1,8
632,Georgia,Cherokee,68,434,4,108
633,Georgia,Rabun,19,56,4,37
634,Georgia,Richmond,65,242,11,135
635,Georgia,Floyd,38,222,3,131
636,Georgia,Henry,40,213,4,62
637,Georgia,Chatham,161,457,13,177
638,Georgia,Worth,6,18,0,15
639,Georgia,Toombs,23,50,1,31
640,Georgia,Walker,16,72,2,60
641,Georgia,Taylor,3,20,0,3
642,Georgia,Berrien,12,24,0,13
643,Georgia,Mitchell,7,53,1,19
644,Florida,Monroe,93,318,17,42
645,Florida,Marion,138,328,13,149
646,Florida,Citrus,51,166,1,51
647,Florida,Polk,0,0,0,0
648,Florida,Indian_River,73,475,8,57
649,Florida,Hamilton,18,14,3,16
650,Florida,Manatee,111,726,36,315
651,Florida,Jefferson,8,28,2,41
652,Florida,Lafayette,8,29,1,27
653,Florida,Wakulla,25,68,2,52
654,Florida,Osceola,160,503,20,125
655,Florida,St_Lucie,0,0,0,0
656,Florida,Washington,17,35,1,18
657,Florida,Escambia,166,453,17,252
658,Florida,Flagler,67,220,2,49
659,Florida,Bradford,14,32,2,17
660,Florida,Pinellas,469,1361,51,715
661,Florida,Madison,10,29,0,28
662,Florida,Duval,424,1351,32,599
663,Florida,Alachua,165,494,31,267
664,Florida,Calhoun,14,31,4,18
665,Florida,Dixie,18,16,0,22
666,Florida,Bay,90,315,6,146
667,Florida,Levy,44,52,2,38
668,Florida,Columbia,30,96,5,37
669,Florida,Lee,294,1511,45,169
670,Florida,Martin,162,379,7,90
671,Florida,Brevard,308,1127,42,396
672,Florida,Jackson,30,80,0,64
673,Florida,Miami-Dade,672,2700,98,1736
674,Florida,Palm_Beach,405,3707,57,732
675,Florida,St_Johns,157,605,20,143
676,Florida,Broward,680,3248,84,1416
677,Florida,Franklin,34,51,4,24
678,Florida,Taylor,31,42,0,40
679,Florida,Suwannee,22,59,0,21
680,Florida,Pasco,271,1014,16,1143
681,Florida,Volusia,369,1034,31,199
682,Florida,Baker,9,18,0,36
683,Florida,Walton,76,230,3,108
684,Florida,Hendry,22,82,2,24
685,Florida,Leon,171,716,36,552
686,Florida,Santa_Rosa,61,163,10,101
687,Florida,Collier,148,2204,28,154
688,Florida,Charlotte,85,409,9,69
689,Florida,Orange,0,0,0,0
690,Florida,Gadsden,38,113,2,152
691,Florida,Hernando,26,187,7,77
692,Florida,Highlands,40,84,6,63
693,Florida,Hillsborough,609,1556,239,1023
694,Florida,Okaloosa,122,284,11,200
695,Florida,Gilchrist,12,8,1,37
696,Florida,Sumter,16,308,2,20
697,Florida,Sarasota,177,782,14,214
698,Florida,Nassau,59,115,7,36
699,Florida,Seminole,198,614,21,260
700,Florida,Clay,79,192,5,196
701,Florida,Putnam,67,52,3,49
702,Florida,Lake,208,437,12,163
703,South Dakota,Clark,33,7,1,4
704,South Dakota,Jackson,2,2,0,5
705,South Dakota,Jerauld,3,7,0,9
706,South Dakota,Perkins,11,12,0,12
707,South Dakota,Charles_Mix,17,17,0,10
708,South Dakota,Corson,4,9,0,15
709,South Dakota,Roberts,26,24,2,12
710,South Dakota,Lincoln,26,99,3,73
711,South Dakota,Lyman,15,11,0,16
712,South Dakota,Clay,10,68,3,26
713,South Dakota,Butte,10,19,1,23
714,South Dakota,Lake,24,30,0,7
715,South Dakota,Kingsbury,11,14,3,6
716,South Dakota,Grant,9,11,1,4
717,South Dakota,Spink,7,13,0,8
718,South Dakota,Yankton,24,86,3,54
719,South Dakota,Brule,21,21,1,24
720,South Dakota,Stanley,9,8,1,5
721,South Dakota,Hyde,1,3,0,11
722,South Dakota,Day,32,20,3,6
723,South Dakota,Turner,3,12,1,16
724,South Dakota,Dewey,7,7,0,5
725,South Dakota,Deuel,21,11,1,5
726,South Dakota,Marshall,4,8,0,2
727,South Dakota,Davison,30,102,4,33
728,South Dakota,Minnehaha,123,538,26,145
729,South Dakota,Aurora,16,13,0,14
730,South Dakota,Fall_River,18,22,1,35
731,South Dakota,Meade,9,67,3,63
732,South Dakota,Harding,4,1,0,13
733,South Dakota,Lawrence,27,61,6,29
734,South Dakota,Pennington,65,271,22,102
735,South Dakota,Custer,13,18,0,25
736,South Dakota,Brookings,37,99,5,24
737,South Dakota,Oglala_Lakota,4,27,1,19
738,South Dakota,Brown,27,131,8,48
739,South Dakota,Tripp,12,4,1,15
740,South Dakota,Sanborn,2,1,0,16
741,South Dakota,Codington,66,115,3,29
742,South Dakota,Union,10,20,1,18
743,South Dakota,Beadle,10,51,2,16
744,South Dakota,Todd,6,11,0,10
745,South Dakota,Moody,1,21,1,9
746,South Dakota,Faulk,3,10,1,13
747,South Dakota,Ziebach,0,1,0,4
748,South Dakota,Douglas,2,7,1,8
749,South Dakota,Hughes,23,60,1,24
750,South Dakota,Walworth,17,9,0,5
751,South Dakota,Jones,2,3,0,4
752,South Dakota,Hamlin,13,17,2,3
753,North Dakota,Ward,36,132,3,40
754,North Dakota,Stark,33,94,0,32
755,North Dakota,Pierce,8,19,0,6
756,North Dakota,Wells,5,21,0,5
757,North Dakota,Grant,6,14,0,1
758,North Dakota,Griggs,5,15,0,2
759,North Dakota,Hettinger,7,17,1,9
760,North Dakota,Nelson,9,21,1,6
761,North Dakota,Billings,5,7,0,11
762,North Dakota,Barnes,31,64,2,13
763,North Dakota,Divide,6,10,0,5
764,North Dakota,Dunn,17,23,0,7
765,North Dakota,Dickey,9,20,0,3
766,North Dakota,Walsh,19,57,1,7
767,North Dakota,Ramsey,6,44,0,6
768,North Dakota,Kidder,14,17,0,5
769,North Dakota,Traill,12,38,4,12
770,North Dakota,Renville,4,13,0,5
771,North Dakota,Richland,18,95,2,16
772,North Dakota,Stutsman,29,83,2,17
773,North Dakota,Foster,2,15,0,5
774,North Dakota,Emmons,9,18,0,1
775,North Dakota,Ransom,9,36,1,5
776,North Dakota,Burleigh,67,259,9,75
777,North Dakota,LaMoure,8,31,0,5
778,North Dakota,Adams,6,10,1,7
779,North Dakota,Bowman,3,21,0,12
780,North Dakota,Sioux,3,13,0,2
781,North Dakota,Benson,10,21,0,7
782,North Dakota,Williams,21,71,1,39
783,North Dakota,Pembina,25,51,3,3
784,North Dakota,Rolette,17,61,0,8
785,North Dakota,Golden_Valley,6,8,0,6
786,North Dakota,McKenzie,19,42,0,17
787,North Dakota,Morton,35,85,5,30
788,North Dakota,Bottineau,11,29,2,5
789,North Dakota,Cass,165,631,20,99
790,North Dakota,McLean,41,74,0,10
791,North Dakota,Sargent,9,25,0,6
792,North Dakota,Grand_Forks,73,144,7,43
793,North Dakota,Burke,7,16,0,5
794,North Dakota,Mercer,20,46,0,2
795,North Dakota,Sheridan,3,7,0,1
796,Minnesota,Renville,47,38,0,10
797,Minnesota,Olmsted,236,737,22,156
798,Minnesota,Swift,8,29,0,7
799,Minnesota,Otter_Tail,65,128,3,25
800,Minnesota,Brown,54,150,7,43
801,Minnesota,Wilkin,10,35,0,5
802,Minnesota,Marshall,13,41,1,12
803,Minnesota,Redwood,26,55,2,19
804,Minnesota,Itasca,37,146,4,21
805,Minnesota,Wabasha,34,39,4,18
806,Minnesota,Faribault,10,55,2,9
807,Minnesota,Red_Lake,18,27,1,7
808,Minnesota,Goodhue,56,217,9,31
809,Minnesota,Chisago,59,147,6,23
810,Minnesota,Waseca,21,36,1,12
811,Minnesota,Douglas,43,102,2,20
812,Minnesota,Watonwan,16,35,1,8
813,Minnesota,Lake_of_the_Woods,11,14,1,5
814,Minnesota,Meeker,22,44,0,12
815,Minnesota,Rock,29,46,1,6
816,Minnesota,Fillmore,39,74,0,16
817,Minnesota,Lyon,32,103,8,24
818,Minnesota,Cass,10,73,1,22
819,Minnesota,Pine,29,86,0,19
820,Minnesota,Sherburne,79,172,2,37
821,Minnesota,Roseau,25,52,2,8
822,Minnesota,Cook,17,26,3,8
823,Minnesota,Pipestone,17,42,1,5
824,Minnesota,Steele,51,85,2,24
825,Minnesota,Dakota,418,1766,21,197
826,Minnesota,Morrison,31,60,1,17
827,Minnesota,Dodge,16,69,0,19
828,Minnesota,Hennepin,1046,3625,70,661
829,Minnesota,Lake,13,35,3,7
830,Minnesota,Traverse,10,13,0,6
831,Minnesota,Houston,27,38,2,14
832,Minnesota,Clay,78,288,9,31
833,Minnesota,Mille_Lacs,14,55,0,21
834,Minnesota,Todd,19,84,1,19
835,Minnesota,Washington,375,771,22,124
836,Minnesota,Becker,26,92,3,19
837,Minnesota,Crow_Wing,36,207,4,28
838,Minnesota,McLeod,60,99,4,24
839,Minnesota,Le_Sueur,26,83,0,16
840,Minnesota,Carlton,25,77,4,23
841,Minnesota,St_Louis,201,482,23,99
842,Minnesota,Yellow_Medicine,3,31,0,8
843,Minnesota,Stearns,135,429,5,79
844,Minnesota,Polk,59,114,6,32
845,Minnesota,Carver,144,375,4,53
846,Minnesota,Freeborn,44,81,3,19
847,Minnesota,Martin,41,52,2,20
848,Minnesota,Wadena,11,44,1,10
849,Minnesota,Kandiyohi,37,143,2,28
850,Minnesota,Kittson,14,25,0,9
851,Minnesota,Aitkin,15,32,1,10
852,Minnesota,Rice,105,303,12,47
853,Minnesota,Wright,136,622,6,86
854,Minnesota,Lac_qui_Parle,2,24,1,6
855,Minnesota,Blue_Earth,52,170,9,40
856,Minnesota,Kanabec,3,44,1,7
857,Minnesota,Ramsey,0,0,0,0
858,Minnesota,Sibley,6,38,0,8
859,Minnesota,Scott,145,570,12,78
860,Minnesota,Nicollet,44,159,4,22
861,Minnesota,Chippewa,8,42,0,11
862,Minnesota,Koochiching,36,53,1,7
863,Minnesota,Isanti,23,47,0,29
864,Minnesota,Hubbard,11,72,0,8
865,Minnesota,Benton,32,81,1,18
866,Minnesota,Nobles,38,86,1,22
867,Minnesota,Beltrami,47,136,7,41
868,Minnesota,Jackson,21,30,0,8
869,Minnesota,Cottonwood,15,33,1,9
870,Minnesota,Mower,45,218,4,35
871,Minnesota,Lincoln,10,19,2,7
872,Minnesota,Clearwater,12,28,2,5
873,Minnesota,Pope,15,40,0,4
874,Minnesota,Grant,7,36,0,6
875,Minnesota,Winona,47,158,5,37
876,Minnesota,Anoka,386,966,12,147
877,Minnesota,Pennington,20,50,3,7
878,Kentucky,Johnson,5,21,1,32
879,Kentucky,Harlan,21,29,0,27
880,Kentucky,Morgan,6,20,2,16
881,Kentucky,Owsley,1,3,0,26
882,Kentucky,Wolfe,2,1,0,14
883,Kentucky,Knox,15,32,1,24
884,Kentucky,Madison,24,121,6,46
885,Kentucky,Lawrence,3,16,0,30
886,Kentucky,Hardin,67,153,9,52
887,Kentucky,Adair,1,25,0,23
888,Kentucky,Russell,5,50,4,22
889,Kentucky,Clay,3,13,2,72
890,Kentucky,Hart,11,28,1,10
891,Kentucky,Trimble,1,1,0,5
892,Kentucky,Letcher,3,21,1,40
893,Kentucky,Lyon,7,24,1,7
894,Kentucky,Carroll,9,29,0,10
895,Kentucky,Jefferson,0,0,0,0
896,Kentucky,Robertson,3,6,0,5
897,Kentucky,Hancock,0,10,0,6
898,Kentucky,Estill,4,10,0,47
899,Kentucky,Whitley,14,50,7,55
900,Kentucky,Bell,4,34,0,37
901,Kentucky,Mercer,6,9,0,8
902,Kentucky,Bourbon,3,52,1,15
903,Kentucky,Boyle,6,34,5,18
904,Kentucky,Warren,33,242,4,69
905,Kentucky,Rowan,12,20,2,11
906,Kentucky,Fulton,8,17,0,13
907,Kentucky,Fleming,2,22,0,10
908,Kentucky,Powell,3,3,0,11
909,Kentucky,Harrison,0,28,0,10
910,Kentucky,Meade,5,45,2,14
911,Kentucky,Pendleton,8,40,0,19
912,Kentucky,Ohio,9,25,1,15
913,Kentucky,Livingston,1,7,0,11
914,Kentucky,Elliott,1,7,0,18
915,Kentucky,Montgomery,4,21,1,11
916,Kentucky,Greenup,9,46,1,56
917,Kentucky,Wayne,6,17,0,47
918,Kentucky,Hopkins,9,39,2,10
919,Kentucky,Taylor,7,36,0,23
920,Kentucky,Franklin,27,108,6,31
921,Kentucky,Bath,1,8,2,6
922,Kentucky,Caldwell,17,20,1,20
923,Kentucky,Allen,0,23,1,25
924,Kentucky,Washington,1,13,0,5
925,Kentucky,Barren,13,67,1,30
926,Kentucky,Pike,17,44,4,84
927,Kentucky,Green,0,10,0,20
928,Kentucky,Carter,10,38,1,14
929,Kentucky,Grant,3,37,0,13
930,Kentucky,Boyd,12,30,0,42
931,Kentucky,Martin,1,13,0,20
932,Kentucky,Laurel,7,28,3,41
933,Kentucky,Henderson,21,69,3,18
934,Kentucky,Muhlenberg,5,7,0,12
935,Kentucky,Pulaski,26,67,0,69
936,Kentucky,Shelby,6,54,3,21
937,Kentucky,Logan,19,28,0,22
938,Kentucky,Campbell,62,251,11,71
939,Kentucky,Cumberland,3,11,1,37
940,Kentucky,Clinton,2,26,2,12
941,Kentucky,McCracken,26,98,1,45
942,Kentucky,Bracken,2,19,0,9
943,Kentucky,Woodford,16,40,3,16
944,Kentucky,Edmonson,4,18,0,14
945,Kentucky,Mason,14,29,1,11
946,Kentucky,Boone,48,416,5,64
947,Kentucky,Bullitt,12,39,5,54
948,Kentucky,Kenton,78,442,8,129
949,Kentucky,Fayette,135,489,62,132
950,Kentucky,Garrard,8,16,0,17
951,Kentucky,Owen,1,2,0,12
952,Kentucky,Oldham,13,40,1,35
953,Kentucky,Breathitt,2,8,0,24
954,Kentucky,Knott,6,16,2,35
955,Kentucky,Jackson,8,6,1,42
956,Kentucky,Simpson,2,34,2,7
957,Kentucky,Metcalfe,5,32,0,9
958,Kentucky,Anderson,1,16,0,11
959,Kentucky,Jessamine,22,48,2,14
960,Kentucky,Perry,9,19,1,34
961,Kentucky,Floyd,6,24,1,42
962,Kentucky,Calloway,7,53,2,20
963,Kentucky,Clark,6,31,2,19
964,Kentucky,Henry,3,2,0,2
965,Kentucky,Christian,21,85,1,31
966,Kentucky,Gallatin,4,14,0,4
967,Kentucky,Scott,30,111,17,37
968,Kentucky,Marshall,5,42,6,14
969,Kentucky,Magoffin,4,22,2,29
970,Kentucky,Todd,4,12,0,11
971,Kentucky,Monroe,2,19,0,56
972,Kentucky,Grayson,8,37,2,12
973,Kentucky,Graves,2,55,0,20
974,Kentucky,Daviess,43,135,2,59
975,Kentucky,Breckinridge,5,3,0,17
976,Kentucky,Nelson,7,47,1,25
977,Kentucky,Rockcastle,4,5,1,24
978,Kentucky,Butler,0,2,0,34
979,Kentucky,Larue,4,9,0,9
980,Kentucky,Spencer,2,13,0,8
981,Kentucky,Marion,3,19,1,13
982,New Hampshire,Strafford,58,247,19,94
983,New Hampshire,Coos,36,86,7,63
984,New Hampshire,Grafton,64,362,33,150
985,New Hampshire,Hillsborough,186,828,74,275
986,New Hampshire,Merrimack,83,425,17,180
987,New Hampshire,Sullivan,24,117,5,59
988,New Hampshire,Belknap,36,173,3,55
989,New Hampshire,Rockingham,98,788,47,218
990,New Hampshire,Carroll,25,288,7,67
991,New Hampshire,Cheshire,42,113,5,82
992,South Carolina,Dillon,5,32,4,31
993,South Carolina,Oconee,39,116,2,68
994,South Carolina,Saluda,3,26,0,18
995,South Carolina,Charleston,197,791,33,248
996,South Carolina,Abbeville,12,36,2,48
997,South Carolina,Aiken,56,198,11,142
998,South Carolina,Berkeley,65,277,16,183
999,South Carolina,Pickens,66,234,16,87
1000,South Carolina,Marlboro,4,38,0,21
1001,South Carolina,Marion,4,43,1,43
1002,South Carolina,Barnwell,12,38,2,18
1003,South Carolina,Bamberg,9,27,0,50
1004,South Carolina,Fairfield,18,22,0,20
1005,South Carolina,Anderson,72,279,14,146
1006,South Carolina,Richland,124,811,40,286
1007,South Carolina,Spartanburg,135,553,29,282
1008,South Carolina,Greenville,148,1048,72,406
1009,South Carolina,Lancaster,27,147,16,53
1010,South Carolina,Calhoun,5,32,0,21
1011,South Carolina,Edgefield,6,57,2,14
1012,South Carolina,Georgetown,49,166,13,47
1013,South Carolina,Darlington,16,82,2,52
1014,South Carolina,Florence,50,196,7,184
1015,South Carolina,York,79,426,20,180
1016,South Carolina,Allendale,9,13,0,18
1017,South Carolina,Hampton,16,35,2,41
1018,South Carolina,Lee,8,23,1,26
1019,South Carolina,McCormick,21,11,1,12
1020,South Carolina,Clarendon,4,43,1,32
1021,South Carolina,Greenwood,16,100,6,63
1022,South Carolina,Newberry,37,85,8,45
1023,South Carolina,Cherokee,20,67,7,52
1024,South Carolina,Lexington,79,702,19,280
1025,South Carolina,Dorchester,22,140,4,88
1026,South Carolina,Beaufort,79,619,26,80
1027,South Carolina,Williamsburg,6,44,1,69
1028,South Carolina,Kershaw,37,104,5,114
1029,South Carolina,Colleton,11,74,2,62
1030,South Carolina,Orangeburg,27,158,6,112
1031,South Carolina,Horry,192,487,28,209
1032,South Carolina,Union,17,62,3,36
1033,South Carolina,Chesterfield,16,67,2,28
1034,South Carolina,Sumter,31,107,5,91
1035,South Carolina,Laurens,33,131,10,80
1036,South Carolina,Chester,14,38,2,44
1037,West Virginia,Raleigh,28,109,3,64
1038,West Virginia,Mingo,14,25,1,33
1039,West Virginia,Calhoun,4,9,0,8
1040,West Virginia,Putnam,13,79,5,74
1041,West Virginia,Hardy,9,21,0,12
1042,West Virginia,Morgan,13,27,3,20
1043,West Virginia,Brooke,9,33,1,13
1044,West Virginia,Harrison,32,97,1,55
1045,West Virginia,Ritchie,2,11,1,11
1046,West Virginia,Mercer,24,47,1,48
1047,West Virginia,Hancock,13,48,3,20
1048,West Virginia,Tucker,14,25,2,6
1049,West Virginia,Barbour,9,19,1,20
1050,West Virginia,Mason,8,42,0,19
1051,West Virginia,Tyler,3,11,0,7
1052,West Virginia,Wood,28,121,7,84
1053,West Virginia,Braxton,11,19,1,12
1054,West Virginia,Boone,6,22,0,24
1055,West Virginia,Wyoming,11,29,1,23
1056,West Virginia,Kanawha,105,267,14,129
1057,West Virginia,Wetzel,9,18,0,19
1058,West Virginia,Logan,3,34,0,31
1059,West Virginia,Grant,10,18,1,9
1060,West Virginia,Taylor,8,8,0,13
1061,West Virginia,Preston,28,38,0,19
1062,West Virginia,Wayne,11,37,0,27
1063,West Virginia,Pleasants,2,5,2,8
1064,West Virginia,Webster,7,12,1,7
1065,West Virginia,Pocahontas,16,28,3,10
1066,West Virginia,Mineral,17,29,0,24
1067,West Virginia,Jefferson,27,64,3,32
1068,West Virginia,Lewis,11,21,0,16
1069,West Virginia,Hampshire,18,53,5,53
1070,West Virginia,Ohio,34,110,5,66
1071,West Virginia,Gilmer,6,28,2,19
1072,West Virginia,Nicholas,12,29,0,22
1073,West Virginia,Upshur,18,26,1,19
1074,West Virginia,Fayette,27,62,4,35
1075,West Virginia,Marshall,17,35,4,35
1076,West Virginia,Monongalia,41,100,7,49
1077,West Virginia,Berkeley,30,94,5,79
1078,West Virginia,McDowell,16,21,1,29
1079,West Virginia,Randolph,25,35,2,39
1080,West Virginia,Jackson,11,43,4,26
1081,West Virginia,Wirt,3,9,0,8
1082,West Virginia,Clay,1,2,0,10
1083,West Virginia,Pendleton,10,18,1,12
1084,West Virginia,Cabell,34,191,27,70
1085,West Virginia,Marion,43,66,0,40
1086,West Virginia,Greenbrier,26,29,0,30
1087,West Virginia,Lincoln,7,15,0,16
1088,West Virginia,Roane,7,13,0,10
1089,Wisconsin,Douglas,97,146,5,44
1090,Wisconsin,Washburn,68,47,1,20
1091,Wisconsin,Waushara,37,73,2,18
1092,Wisconsin,Monroe,60,95,1,114
1093,Wisconsin,Sheboygan,139,218,9,114
1094,Wisconsin,Trempealeau,34,42,0,33
1095,Wisconsin,Brown,343,525,8,221
1096,Wisconsin,Pepin,21,8,2,8
1097,Wisconsin,Racine,214,471,15,182
1098,Wisconsin,Price,53,60,4,19
1099,Wisconsin,Rock,183,352,7,170
1100,Wisconsin,Menominee,0,11,1,9
1101,Wisconsin,Milwaukee,528,1825,86,685
1102,Wisconsin,Chippewa,87,107,6,52
1103,Wisconsin,Pierce,81,119,7,43
1104,Wisconsin,Manitowoc,98,139,3,103
1105,Wisconsin,Waupaca,76,91,1,50
1106,Wisconsin,Calumet,37,93,4,35
1107,Wisconsin,Fond_du_Lac,99,220,12,117
1108,Wisconsin,Iron,59,19,2,5
1109,Wisconsin,Dodge,124,245,12,104
1110,Wisconsin,Ashland,76,78,6,22
1111,Wisconsin,Ozaukee,0,0,0,0
1112,Wisconsin,Shawano,42,48,2,34
1113,Wisconsin,Bayfield,115,51,1,19
1114,Wisconsin,Winnebago,146,450,20,139
1115,Wisconsin,Iowa,46,58,1,72
1116,Wisconsin,Kewaunee,29,40,2,31
1117,Wisconsin,Oconto,58,20,2,29
1118,Wisconsin,Walworth,110,335,12,94
1119,Wisconsin,Sawyer,48,66,2,16
1120,Wisconsin,Lafayette,41,45,1,77
1121,Wisconsin,Langlade,41,62,3,30
1122,Wisconsin,Eau_Claire,160,202,7,77
1123,Wisconsin,Jefferson,131,207,9,128
1124,Wisconsin,Taylor,37,50,2,27
1125,Wisconsin,Polk,119,141,6,52
1126,Wisconsin,Clark,54,26,2,40
1127,Wisconsin,Buffalo,34,39,2,10
1128,Wisconsin,Burnett,52,32,0,40
1129,Wisconsin,Marquette,28,12,0,15
1130,Wisconsin,St_Croix,175,270,11,61
1131,Wisconsin,La_Crosse,195,311,15,117
1132,Wisconsin,Columbia,104,90,10,79
1133,Wisconsin,Vernon,44,24,1,43
1134,Wisconsin,Vilas,59,155,5,24
1135,Wisconsin,Washington,174,379,12,94
1136,Wisconsin,Florence,16,6,0,6
1137,Wisconsin,Dunn,103,183,11,44
1138,Wisconsin,Barron,107,92,3,56
1139,Wisconsin,Portage,145,198,4,52
1140,Wisconsin,Adams,23,75,3,13
1141,Wisconsin,Green_Lake,43,35,1,33
1142,Wisconsin,Rusk,53,21,3,25
1143,Wisconsin,Green,62,105,1,59
1144,Wisconsin,Waukesha,446,901,34,286
1145,Wisconsin,Wood,97,210,9,76
1146,Wisconsin,Oneida,89,133,7,35
1147,Wisconsin,Marinette,98,68,4,50
1148,Wisconsin,Dane,1092,1716,57,346
1149,Wisconsin,Grant,83,114,4,95
1150,Wisconsin,Lincoln,51,81,2,30
1151,Wisconsin,Door,106,167,3,32
1152,Wisconsin,Crawford,50,32,1,18
1153,Wisconsin,Outagamie,169,493,30,179
1154,Wisconsin,Kenosha,122,296,11,139
1155,Wisconsin,Marathon,249,272,26,144
1156,Wisconsin,Jackson,48,38,2,27
1157,Wisconsin,Sauk,127,297,15,81
1158,Wisconsin,Richland,34,45,3,25
1159,Wisconsin,Juneau,65,65,3,28
1160,Wisconsin,Forest,29,22,1,10
1161,Texas,Fannin,13,31,0,29
1162,Texas,Bexar,526,2516,135,1302
1163,Texas,Victoria,13,106,5,87
1164,Texas,Harris,0,0,0,0
1165,Texas,Cherokee,15,72,0,50
1166,Texas,DeWitt,5,23,2,38
1167,Texas,Kaufman,44,185,9,82
1168,Texas,Young,10,26,6,19
1169,Texas,Reagan,3,30,1,5
1170,Texas,Midland,0,0,0,0
1171,Texas,Maverick,33,63,5,31
1172,Texas,Brazos,131,456,10,107
1173,Texas,Comal,58,227,10,100
1174,Texas,Comanche,8,19,2,16
1175,Texas,Pecos,15,53,1,13
1176,Texas,Houston,5,28,0,41
1177,Texas,Rusk,11,43,6,85
1178,Texas,Willacy,3,20,1,26
1179,Texas,Chambers,22,46,1,17
1180,Texas,Harrison,18,94,4,90
1181,Texas,Jim_Wells,11,45,1,33
1182,Texas,Burnet,41,142,2,45
1183,Texas,Matagorda,32,103,3,49
1184,Texas,Mitchell,8,25,0,16
1185,Texas,Kenedy,0,1,0,5
1186,Texas,Kimble,5,9,4,14
1187,Texas,Denton,520,1074,43,629
1188,Texas,Dawson,6,16,0,11
1189,Texas,Wilson,10,65,1,20
1190,Texas,San_Patricio,29,86,4,57
1191,Texas,San_Augustine,4,8,0,17
1192,Texas,Hopkins,4,15,0,22
1193,Texas,Waller,13,79,7,22
1194,Texas,Kleberg,6,53,2,52
1195,Texas,Terrell,1,3,0,6
1196,Texas,Hemphill,2,10,0,5
1197,Texas,Callahan,8,26,0,16
1198,Texas,Marion,18,10,0,9
1199,Texas,Hockley,14,58,9,27
1200,Texas,Van_Zandt,10,46,1,44
1201,Texas,Lavaca,6,29,0,22
1202,Texas,Galveston,137,417,7,205
1203,Texas,Briscoe,8,11,3,5
1204,Texas,Milam,16,49,4,32
1205,Texas,Webb,88,294,20,281
1206,Texas,Franklin,9,29,0,6
1207,Texas,Ward,13,27,3,17
1208,Texas,Caldwell,17,68,3,39
1209,Texas,Duval,3,17,0,16
1210,Texas,Henderson,24,66,0,66
1211,Texas,Brewster,12,38,3,11
1212,Texas,Hardeman,2,20,0,16
1213,Texas,Brazoria,137,300,28,166
1214,Texas,Freestone,5,14,0,21
1215,Texas,Hidalgo,168,686,5,437
1216,Texas,Zapata,6,20,0,10
1217,Texas,Hansford,5,18,1,13
1218,Texas,Coryell,86,109,28,68
1219,Texas,Runnels,3,24,0,11
1220,Texas,Guadalupe,128,193,28,158
1221,Texas,Navarro,17,88,2,31
1222,Texas,Parmer,8,22,1,22
1223,Texas,Floyd,7,24,13,14
1224,Texas,Hale,24,39,2,27
1225,Texas,Polk,5,56,1,26
1226,Texas,Panola,5,18,1,20
1227,Texas,Coleman,4,27,1,10
1228,Texas,Montague,11,20,0,19
1229,Texas,Shelby,3,14,0,27
1230,Texas,Sherman,2,2,0,7
1231,Texas,Mason,3,17,0,5
1232,Texas,Bailey,3,17,3,9
1233,Texas,Potter,65,108,5,90
1234,Texas,Tyler,5,21,0,11
1235,Texas,Tarrant,735,1970,86,1526
1236,Texas,Andrews,6,33,1,7
1237,Texas,Crosby,5,11,0,10
1238,Texas,Carson,9,19,2,10
1239,Texas,Ellis,82,225,8,133
1240,Texas,Swisher,3,3,0,13
1241,Texas,Goliad,13,8,0,6
1242,Texas,Jeff_Davis,3,11,1,5
1243,Texas,Gillespie,11,46,1,25
1244,Texas,Castro,6,9,0,10
1245,Texas,Parker,29,135,0,83
1246,Texas,Winkler,11,21,0,8
1247,Texas,Scurry,7,23,1,16
1248,Texas,Kendall,21,89,3,61
1249,Texas,Red_River,4,5,0,28
1250,Texas,Palo_Pinto,15,53,3,30
1251,Texas,Nueces,213,450,21,274
1252,Texas,Gregg,58,268,18,181
1253,Texas,Oldham,1,13,0,5
1254,Texas,Jack,4,17,0,8
1255,Texas,Wood,21,104,7,46
1256,Texas,Presidio,8,14,1,6
1257,Texas,Lamar,40,77,0,69
1258,Texas,Karnes,8,35,1,19
1259,Texas,Eastland,6,28,2,24
1260,Texas,Calhoun,14,33,2,26
1261,Texas,Rockwall,43,214,13,74
1262,Texas,Lipscomb,3,16,0,8
1263,Texas,Dickens,4,6,0,3
1264,Texas,Johnson,88,282,10,137
1265,Texas,Falls,6,5,0,12
1266,Texas,Hall,5,2,0,10
1267,Texas,Limestone,7,17,1,20
1268,Texas,Brooks,7,20,0,6
1269,Texas,Dallas,951,3011,99,2208
1270,Texas,Ector,58,140,14,76
1271,Texas,Morris,5,16,1,21
1272,Texas,Lee,8,48,0,34
1273,Texas,Starr,24,37,0,37
1274,Texas,Upshur,9,70,0,82
1275,Texas,Wichita,63,180,8,74
1276,Texas,Bowie,25,153,5,65
1277,Texas,Gray,33,40,1,42
1278,Texas,Medina,14,57,1,51
1279,Texas,Brown,24,80,3,34
1280,Texas,Bosque,15,58,4,20
1281,Texas,Hays,117,352,20,126
1282,Texas,Blanco,8,17,0,12
1283,Texas,Bee,9,31,1,31
1284,Texas,Orange,15,39,0,35
1285,Texas,Cottle,2,9,2,2
1286,Texas,Bastrop,42,156,2,100
1287,Texas,San_Saba,9,7,0,9
1288,Texas,Titus,16,65,0,14
1289,Texas,Coke,6,23,1,8
1290,Texas,Collin,546,1491,51,676
1291,Texas,Camp,6,21,0,26
1292,Texas,Grayson,48,246,5,100
1293,Texas,Anderson,21,43,4,49
1294,Texas,Hutchinson,22,47,2,13
1295,Texas,Crane,3,7,0,10
1296,Texas,McMullen,2,12,0,4
1297,Texas,Montgomery,250,563,36,226
1298,Texas,Atascosa,7,46,2,13
1299,Texas,Leon,6,17,1,16
1300,Texas,Hudspeth,3,14,0,6
1301,Texas,Jefferson,80,237,14,141
1302,Texas,El_Paso,330,992,31,603
1303,Texas,Colorado,7,45,2,23
1304,Texas,Robertson,5,52,1,19
1305,Texas,Cochran,1,13,2,8
1306,Texas,Hamilton,7,21,0,8
1307,Texas,Cameron,109,527,6,314
1308,Texas,Cooke,19,41,0,28
1309,Texas,Wilbarger,6,21,0,18
1310,Texas,Gaines,25,80,8,11
1311,Texas,Mills,1,4,0,7
1312,Texas,McLennan,102,441,26,246
1313,Texas,Shackelford,6,24,6,8
1314,Texas,Aransas,10,10,0,11
1315,Texas,Hunt,31,143,6,93
1316,Texas,Wharton,14,82,3,49
1317,Texas,Taylor,58,370,15,180
1318,Texas,Walker,22,48,0,21
1319,Texas,Jackson,6,35,0,24
1320,Texas,Somervell,10,31,2,9
1321,Texas,Nolan,11,39,0,22
1322,Texas,Deaf_Smith,7,17,0,17
1323,Texas,Travis,758,2598,129,950
1324,Texas,Garza,3,11,1,9
1325,Texas,Washington,19,71,2,44
1326,Texas,Nacogdoches,18,95,6,55
1327,Texas,Lynn,5,18,1,9
1328,Texas,Moore,15,53,3,17
1329,Texas,Haskell,5,7,0,8
1330,Texas,Randall,49,170,11,80
1331,Texas,Hardin,6,48,2,32
1332,Texas,Jones,7,25,0,18
1333,Texas,Borden,0,7,0,6
1334,Texas,Austin,16,53,1,24
1335,Texas,Fayette,12,40,1,21
1336,Texas,Refugio,3,15,1,14
1337,Texas,Hood,21,51,4,26
1338,Texas,Uvalde,8,38,2,53
1339,Texas,Fort_Bend,266,760,54,427
1340,Texas,Real,3,18,0,5
1341,Texas,Throckmorton,1,6,0,1
1342,Texas,Trinity,5,15,0,8
1343,Texas,Knox,5,14,0,4
1344,Texas,Val_Verde,34,51,4,26
1345,Texas,Dallam,4,4,1,10
1346,Texas,San_Jacinto,10,14,0,10
1347,Texas,Cass,8,40,0,27
1348,Texas,Angelina,19,71,5,77
1349,Texas,Williamson,452,1310,82,433
1350,Texas,Upton,5,20,1,9
1351,Texas,Lubbock,134,554,48,198
1352,Texas,Terry,7,12,0,12
1353,Texas,Gonzales,9,15,1,17
1354,Texas,Tom_Green,52,183,11,75
1355,Texas,Kerr,31,213,6,22
1356,Texas,Erath,73,64,6,30
1357,Texas,Hill,24,49,3,36
1358,Texas,Bandera,15,72,4,17
1359,Texas,Burleson,9,38,0,13
1360,Texas,Bell,178,426,8,203
1361,Texas,Wise,28,75,0,41
1362,Texas,Live_Oak,10,37,3,13
1363,Texas,Smith,51,377,15,213
1364,Texas,Howard,8,61,2,22
1365,Texas,Liberty,17,60,0,45
1366,Texas,Hartley,4,19,0,10
1367,Texas,Reeves,10,35,2,16
1368,Texas,Grimes,14,32,8,11
1369,California,San_Mateo,0,0,0,0
1370,California,Napa,103,281,11,196
1371,California,San_Benito,40,98,1,57
1372,California,Shasta,91,347,23,413
1373,California,Modoc,9,16,1,29
1374,California,Mariposa,22,22,0,29
1375,California,Plumas,28,29,0,37
1376,California,Mendocino,63,233,4,170
1377,California,Santa_Cruz,0,0,0,0
1378,California,Placer,253,822,32,619
1379,California,Sacramento,778,1544,56,1079
1380,California,Yolo,333,496,17,335
1381,California,Colusa,21,20,0,44
1382,California,Siskiyou,32,103,1,92
1383,California,San_Diego,0,0,0,0
1384,California,Santa_Barbara,313,888,59,618
1385,California,Sierra,8,10,1,19
1386,California,Tehama,31,89,2,93
1387,California,Tuolumne,30,60,6,42
1388,California,Ventura,0,0,0,0
1389,California,Alameda,0,0,0,0
1390,California,Lassen,21,44,3,53
1391,California,San_Luis_Obispo,0,0,0,0
1392,California,Alpine,7,6,1,11
1393,California,Calaveras,35,87,0,85
1394,California,Solano,0,0,0,0
1395,California,Sutter,32,60,0,42
1396,California,San_Bernardino,0,0,0,0
1397,California,Orange,1473,4262,177,2669
1398,California,Stanislaus,261,636,18,675
1399,California,Mono,21,67,5,50
1400,California,Amador,35,16,2,96
1401,California,Los_Angeles,2201,10607,379,14842
1402,California,Marin,206,691,25,408
1403,California,Glenn,19,29,1,32
1404,California,Merced,0,0,0,0
1405,California,Imperial,0,0,0,0
1406,California,Yuba,46,79,1,127
1407,California,Lake,36,116,1,136
1408,California,Monterey,0,0,0,0
1409,California,Trinity,9,17,0,27
1410,California,San_Joaquin,551,792,27,806
1411,California,Contra_Costa,580,1881,126,2264
1412,California,Kings,48,133,5,157
1413,California,Riverside,0,0,0,0
1414,California,Santa_Clara,860,5443,154,3973
1415,California,Sonoma,356,861,40,841
1416,California,Butte,93,235,7,183
1417,California,Fresno,0,0,0,0
1418,California,Inyo,0,0,0,0
1419,California,Humboldt,0,0,0,0
1420,California,Madera,0,0,0,0
1421,California,Del_Norte,16,53,2,32
1422,California,Tulare,0,0,0,0
1423,California,El_Dorado,110,200,7,259
1424,California,Kern,0,0,0,0
1425,California,Nevada,63,149,12,119
1426,Delaware,Kent,92,266,8,68
1427,Delaware,New_Castle,328,1009,32,230
1428,Delaware,Sussex,86,609,38,111
1429,Ohio,Shelby,30,160,3,44
1430,Ohio,Williams,36,149,3,30
1431,Ohio,Fayette,11,65,0,22
1432,Ohio,Champaign,12,81,2,26
1433,Ohio,Washington,37,220,6,72
1434,Ohio,Seneca,63,151,7,35
1435,Ohio,Delaware,110,479,17,120
1436,Ohio,Preble,17,108,3,31
1437,Ohio,Clinton,8,140,7,36
1438,Ohio,Lawrence,14,86,2,49
1439,Ohio,Paulding,21,45,1,17
1440,Ohio,Guernsey,9,76,2,29
1441,Ohio,Geauga,53,358,8,71
1442,Ohio,Brown,24,188,2,43
1443,Ohio,Trumbull,117,472,18,146
1444,Ohio,Union,48,165,2,43
1445,Ohio,Montgomery,329,1241,22,349
1446,Ohio,Muskingum,60,160,11,54
1447,Ohio,Wayne,44,264,8,90
1448,Ohio,Mahoning,179,466,23,168
1449,Ohio,Vinton,6,27,0,10
1450,Ohio,Knox,38,182,7,34
1451,Ohio,Portage,93,529,21,97
1452,Ohio,Hocking,27,42,2,24
1453,Ohio,Lake,112,503,20,96
1454,Ohio,Allen,47,282,16,66
1455,Ohio,Defiance,25,113,2,36
1456,Ohio,Gallia,12,70,3,25
1457,Ohio,Darke,29,106,4,33
1458,Ohio,Erie,70,205,9,59
1459,Ohio,Harrison,5,30,0,9
1460,Ohio,Noble,1,28,6,10
1461,Ohio,Greene,140,499,12,103
1462,Ohio,Auglaize,44,172,6,39
1463,Ohio,Lucas,271,897,56,276
1464,Ohio,Holmes,11,55,3,33
1465,Ohio,Marion,24,130,4,31
1466,Ohio,Butler,167,990,31,212
1467,Ohio,Lorain,142,655,22,208
1468,Ohio,Sandusky,46,143,2,44
1469,Ohio,Columbiana,41,220,5,66
1470,Ohio,Franklin,753,2285,125,844
1471,Ohio,Monroe,4,35,0,17
1472,Ohio,Jackson,23,65,0,33
1473,Ohio,Ottawa,59,178,4,37
1474,Ohio,Meigs,12,56,0,21
1475,Ohio,Putnam,38,169,5,44
1476,Ohio,Morgan,9,23,1,11
1477,Ohio,Hardin,21,127,3,19
1478,Ohio,Wood,121,474,31,103
1479,Ohio,Clermont,77,702,24,111
1480,Ohio,Hancock,79,375,24,74
1481,Ohio,Summit,386,1262,24,313
1482,Ohio,Licking,50,267,8,108
1483,Ohio,Coshocton,15,86,1,28
1484,Ohio,Cuyahoga,546,1802,53,829
1485,Ohio,Henry,32,96,1,26
1486,Ohio,Carroll,24,63,4,13
1487,Ohio,Clark,46,252,4,97
1488,Ohio,Ross,18,233,0,32
1489,Ohio,Miami,73,288,5,69
1490,Ohio,Perry,14,48,4,25
1491,Ohio,Pike,6,93,2,30
1492,Ohio,Van_Wert,22,94,1,26
1493,Ohio,Madison,19,77,1,32
1494,Ohio,Mercer,33,143,2,47
1495,Ohio,Warren,85,875,12,123
1496,Ohio,Adams,12,68,2,27
1497,Ohio,Highland,10,88,0,33
1498,Ohio,Huron,33,130,3,36
1499,Ohio,Ashtabula,98,289,11,60
1500,Ohio,Medina,108,472,11,74
1501,Ohio,Stark,216,971,24,268
1502,Ohio,Richland,49,191,12,89
1503,Ohio,Belmont,10,129,2,39
1504,Ohio,Jefferson,46,135,6,63
1505,Ohio,Crawford,21,87,3,35
1506,Ohio,Logan,40,143,1,24
1507,Ohio,Fulton,42,212,1,40
1508,Ohio,Pickaway,31,204,0,30
1509,Ohio,Ashland,29,126,2,35
1510,Ohio,Morrow,9,59,8,31
1511,Ohio,Tuscarawas,38,190,4,85
1512,Ohio,Fairfield,80,468,6,95
1513,Ohio,Wyandot,20,72,4,17
1514,Ohio,Hamilton,455,2856,93,624
1515,Ohio,Scioto,31,266,18,68
1516,Nevada,Storey,3,4,0,8
1517,Nevada,Humboldt,22,46,2,47
1518,Nevada,Lincoln,17,27,0,11
1519,Nevada,Lander,9,27,2,13
1520,Nevada,Elko,27,93,6,81
1521,Nevada,Washoe,266,682,30,387
1522,Nevada,Mineral,5,7,0,25
1523,Nevada,Pershing,4,10,0,9
1524,Nevada,Carson_City,35,76,3,55
1525,Nevada,Lyon,38,37,3,70
1526,Nevada,Clark,959,2448,94,830
1527,Nevada,Eureka,6,14,1,8
1528,Nevada,Churchill,25,41,4,38
1529,Nevada,Douglas,58,80,3,29
1530,Nevada,Nye,28,65,11,39
1531,Nevada,White_Pine,16,24,3,19
1532,Oregon,Harney,12,14,0,22
1533,Oregon,Polk,69,109,4,48
1534,Oregon,Gilliam,12,6,0,7
1535,Oregon,Klamath,60,123,6,50
1536,Oregon,Douglas,151,118,10,129
1537,Oregon,Wheeler,3,7,0,7
1538,Oregon,Morrow,23,17,2,14
1539,Oregon,Lane,374,859,39,450
1540,Oregon,Umatilla,79,89,5,80
1541,Oregon,Hood_River,58,38,4,22
1542,Oregon,Clatsop,67,98,7,27
1543,Oregon,Linn,98,116,12,121
1544,Oregon,Grant,14,17,1,25
1545,Oregon,Jefferson,21,52,1,26
1546,Oregon,Clackamas,301,934,86,216
1547,Oregon,Curry,28,46,1,29
1548,Oregon,Union,25,48,3,39
1549,Oregon,Multnomah,380,1550,193,446
1550,Oregon,Wallowa,13,12,2,14
1551,Oregon,Crook,38,55,5,17
1552,Oregon,Coos,74,124,2,62
1553,Oregon,Malheur,22,134,3,43
1554,Oregon,Benton,86,204,15,84
1555,Oregon,Marion,201,459,22,233
1556,Oregon,Josephine,42,102,6,56
1557,Oregon,Columbia,64,92,2,68
1558,Oregon,Baker,23,36,5,30
1559,Oregon,Washington,468,2276,259,427
1560,Oregon,Jackson,136,519,28,196
1561,Oregon,Tillamook,51,52,6,20
1562,Oregon,Yamhill,104,224,10,79
1563,Oregon,Wasco,27,40,1,37
1564,Oregon,Lake,23,29,4,8
1565,Oregon,Deschutes,144,671,68,145
1566,Oregon,Lincoln,77,94,6,36
1567,Virginia,Lunenburg,3,11,0,5
1568,Virginia,New_Kent,5,58,2,8
1569,Virginia,Westmoreland,6,17,2,15
1570,Virginia,Middlesex,1,19,2,35
1571,Virginia,Nelson,1,18,2,6
1572,Virginia,King_and_Queen,1,5,0,5
1573,Virginia,Loudoun,179,1331,36,250
1574,Virginia,Buchanan,9,3,3,33
1575,Virginia,Brunswick,6,2,0,25
1576,Virginia,Rockingham,45,149,6,53
1577,Virginia,Greene,2,26,0,6
1578,Virginia,Fairfax,682,2432,113,717
1579,Virginia,Albemarle,54,364,8,97
1580,Virginia,Rockbridge,14,62,5,9
1581,Virginia,Mathews,28,16,3,4
1582,Virginia,Wythe,13,22,1,15
1583,Virginia,Buckingham,3,12,0,12
1584,Virginia,Smyth,4,16,0,17
1585,Virginia,Caroline,26,46,4,14
1586,Virginia,Cumberland,3,6,0,10
1587,Virginia,Pulaski,15,52,11,17
1588,Virginia,Lee,8,16,0,23
1589,Virginia,Augusta,25,84,1,39
1590,Virginia,Northampton,11,43,5,14
1591,Virginia,Botetourt,6,45,0,23
1592,Virginia,Floyd,5,14,1,19
1593,Virginia,Lancaster,2,15,1,10
1594,Virginia,Powhatan,7,54,3,12
1595,Virginia,Richmond,4,5,1,6
1596,Virginia,Gloucester,14,69,3,29
1597,Virginia,Henry,11,42,1,28
1598,Virginia,Scott,6,14,0,21
1599,Virginia,Sussex,4,16,1,10
1600,Virginia,Halifax,16,18,4,20
1601,Virginia,Culpeper,24,64,3,20
1602,Virginia,Mecklenburg,26,15,2,16
1603,Virginia,Spotsylvania,27,268,10,77
1604,Virginia,Franklin,18,172,0,31
1605,Virginia,Pittsylvania,10,35,2,50
1606,Virginia,Charles_City,1,2,0,3
1607,Virginia,Roanoke,22,154,4,41
1608,Virginia,Chesterfield,92,582,49,163
1609,Virginia,Essex,3,15,0,10
1610,Virginia,Isle_of_Wight,21,117,5,27
1611,Virginia,Charlotte,10,8,0,15
1612,Virginia,Amherst,9,18,2,15
1613,Virginia,Campbell,10,68,6,25
1614,Virginia,Rappahannock,2,12,0,7
1615,Virginia,Goochland,5,106,8,16
1616,Virginia,Page,10,34,4,30
1617,Virginia,Arlington,172,389,48,109
1618,Virginia,Washington,17,43,3,33
1619,Virginia,Fluvanna,5,65,3,56
1620,Virginia,Prince_George,3,80,3,13
1621,Virginia,Prince_William,134,893,53,241
1622,Virginia,Appomattox,5,14,0,7
1623,Virginia,Highland,1,3,1,2
1624,Virginia,Clarke,11,31,1,13
1625,Virginia,King_William,3,25,1,19
1626,Virginia,Wise,22,57,2,25
1627,Virginia,Montgomery,85,211,18,56
1628,Virginia,Dickenson,5,19,0,27
1629,Virginia,Russell,9,30,3,42
1630,Virginia,Northumberland,4,14,1,10
1631,Virginia,York,24,167,7,39
1632,Virginia,Henrico,78,462,44,156
1633,Virginia,King_George,5,55,3,14
1634,Virginia,Hanover,47,277,28,51
1635,Virginia,Madison,3,29,1,10
1636,Virginia,Warren,18,61,5,19
1637,Virginia,Shenandoah,21,59,8,28
1638,Virginia,Stafford,53,257,11,81
1639,Virginia,Alexandria_city,1,2,0,2
1640,Virginia,Alleghany,13,28,0,13
1641,Virginia,Southampton,9,10,0,18
1642,Virginia,James_City,41,149,3,38
1643,Virginia,Frederick,18,133,7,59
1644,Virginia,Fauquier,25,206,5,54
1645,Virginia,Accomack,20,53,8,34
1646,Virginia,Dinwiddie,15,19,2,18
1647,Virginia,Bedford,21,84,0,39
1648,Virginia,Prince_Edward,9,57,7,8
1649,Virginia,Giles,10,23,0,11
1650,Virginia,Lynchburg_city,35,235,47,72
1651,Virginia,Louisa,6,27,1,10
1652,Virginia,Hampton_city,33,239,12,65
1653,Virginia,Amelia,8,17,0,6
1654,Virginia,Carroll,7,5,0,16
1655,Virginia,Bath,1,18,3,3
1656,Virginia,Tazewell,18,63,3,25
1657,Arizona,Mohave,51,224,8,103
1658,Arizona,Pinal,257,827,24,380
1659,Arizona,Yavapai,103,415,16,149
1660,Arizona,Gila,37,136,3,77
1661,Arizona,Apache,32,116,3,117
1662,Arizona,Coconino,89,314,12,186
1663,Arizona,Santa_Cruz,22,106,0,54
1664,Arizona,Cochise,74,180,3,191
1665,Arizona,La_Paz,23,27,1,22
1666,Arizona,Greenlee,18,24,1,15
1667,Arizona,Navajo,0,0,0,0
1668,Arizona,Yuma,101,197,7,153
1669,Arizona,Maricopa,5692,8320,263,4083
1670,Arizona,Graham,35,162,2,118
1671,Arizona,Pima,534,4490,77,1776
1672,Utah,Uintah,33,44,1,29
1673,Utah,Tooele,62,99,8,66
1674,Utah,Daggett,13,1,0,6
1675,Utah,Duchesne,23,40,1,25
1676,Utah,Cache,150,465,24,135
1677,Utah,Sanpete,39,69,4,34
1678,Utah,Morgan,14,11,1,8
1679,Utah,Rich,9,15,2,4
1680,Utah,Box_Elder,84,252,5,95
1681,Utah,Emery,20,32,0,27
1682,Utah,Summit,44,171,11,25
1683,Utah,Salt_Lake,941,2330,84,814
1684,Utah,Wayne,11,11,2,9
1685,Utah,Sevier,23,44,0,25
1686,Utah,Utah,828,1446,55,437
1687,Utah,Washington,142,430,12,140
1688,Utah,Wasatch,30,141,7,14
1689,Utah,Weber,232,413,18,187
1690,Utah,San_Juan,12,35,1,31
1691,Utah,Iron,44,89,8,27
1692,Utah,Millard,30,50,4,15
1693,Utah,Davis,267,526,16,244
1694,Utah,Kane,9,21,1,13
1695,Utah,Garfield,10,14,0,19
1696,Utah,Carbon,29,32,2,19
1697,Utah,Grand,13,24,4,12
1698,Utah,Beaver,7,23,1,9
1699,Utah,Piute,4,8,0,6
1700,Utah,Juab,19,37,5,20
1701,Massachusetts,Dukes,36,186,1,16
1702,Massachusetts,Plymouth,249,939,21,388
1703,Massachusetts,Essex,464,1452,48,630
1704,Massachusetts,Barnstable,181,960,9,157
1705,Massachusetts,Hampden,258,756,14,376
1706,Massachusetts,Berkshire,128,506,14,153
1707,Massachusetts,Franklin,49,221,6,103
1708,Massachusetts,Suffolk,487,698,42,432
1709,Massachusetts,Middlesex,970,3146,121,1203
1710,Massachusetts,Norfolk,492,1381,49,542
1711,Massachusetts,Hampshire,113,391,18,140
1712,Massachusetts,Nantucket,14,332,0,10
1713,Massachusetts,Bristol,238,782,14,441
1714,Massachusetts,Worcester,364,1909,46,708
1715,Alaska,North_Slope_Borough,1,6,1,21
1716,Alaska,Kodiak_Island_Borough,19,26,1,10
1717,Alaska,Denali_Borough,1,5,1,4
1718,Alaska,Prince_of_Wales-Hyder_Census_Area,0,2,0,16
1719,Alaska,Haines_Borough,3,8,0,2
1720,Alaska,Anchorage_Municipality,318,454,25,210
1721,Alaska,Fairbanks_North_Star_Borough,45,190,9,73
1722,Alaska,Matanuska-Susitna_Borough,59,173,7,109
1723,Alaska,Aleutians_East_Borough,3,6,2,11
1724,Alaska,Wrangell_City_and_Borough,2,2,0,9
1725,Alaska,Petersburg_Borough,7,5,0,6
1726,Alaska,Skagway_Municipality,3,3,0,2
1727,Alaska,Northwest_Arctic_Borough,2,4,0,40
1728,Alaska,Lake_and_Peninsula_Borough,1,0,0,8
1729,Alaska,Juneau_City_and_Borough,17,35,6,29
1730,Alaska,Kenai_Peninsula_Borough,54,68,4,54
1731,Alaska,Ketchikan_Gateway_Borough,10,7,1,15
1732,Louisiana,St_Tammany_Parish,64,251,10,96
1733,Louisiana,Calcasieu_Parish,69,237,6,169
1734,Louisiana,Ascension_Parish,29,50,0,46
1735,Louisiana,Caddo_Parish,72,218,10,163
1736,Louisiana,Rapides_Parish,29,144,4,123
1737,Louisiana,St_Helena_Parish,0,2,0,11
1738,Louisiana,Madison_Parish,2,11,0,32
1739,Louisiana,West_Baton_Rouge_Parish,9,18,0,19
1740,Louisiana,Tensas_Parish,5,0,0,14
1741,Louisiana,West_Feliciana_Parish,7,21,0,15
1742,Louisiana,Red_River_Parish,0,11,0,9
1743,Louisiana,Vermilion_Parish,14,45,0,41
1744,Louisiana,Allen_Parish,1,21,1,14
1745,Louisiana,Livingston_Parish,17,55,0,108
1746,Louisiana,Terrebonne_Parish,32,139,2,78
1747,Louisiana,Tangipahoa_Parish,23,113,1,103
1748,Louisiana,Pointe_Coupee_Parish,8,17,0,23
1749,Louisiana,Webster_Parish,36,61,2,50
1750,Louisiana,Lafayette_Parish,70,326,10,125
1751,Louisiana,Vernon_Parish,24,27,3,31
1752,Louisiana,Bossier_Parish,23,142,3,68
1753,Louisiana,Lafourche_Parish,19,117,0,60
1754,Louisiana,Cameron_Parish,7,2,1,11
1755,Louisiana,East_Feliciana_Parish,1,11,0,19
1756,Louisiana,St_Landry_Parish,21,38,1,80
1757,Louisiana,Sabine_Parish,8,19,0,16
1758,Louisiana,St_Mary_Parish,29,65,0,45
1759,Louisiana,Natchitoches_Parish,17,88,21,97
1760,Louisiana,Acadia_Parish,14,52,0,56
1761,Louisiana,Concordia_Parish,4,42,0,15
1762,Louisiana,Jefferson_Parish,78,244,13,239
1763,Louisiana,Iberia_Parish,31,106,1,81
1764,Louisiana,Winn_Parish,10,16,0,17
1765,Louisiana,Catahoula_Parish,6,8,0,14
1766,Louisiana,St_John_the_Baptist_Parish,6,44,0,28
1767,Louisiana,Union_Parish,8,28,3,19
1768,Louisiana,Washington_Parish,8,15,0,47
1769,Louisiana,St_Bernard_Parish,11,15,0,22
1770,Louisiana,Grant_Parish,9,19,0,15
1771,Louisiana,Plaquemines_Parish,15,40,0,17
1772,Louisiana,Ouachita_Parish,52,199,4,112
1773,Louisiana,Jackson_Parish,1,7,0,15
1774,Louisiana,East_Baton_Rouge_Parish,193,394,29,343
1775,Louisiana,Evangeline_Parish,8,22,1,32
1776,Louisiana,Orleans_Parish,154,276,19,247
1777,Louisiana,Lincoln_Parish,13,88,3,66
1778,Louisiana,St_Charles_Parish,19,52,0,28
1779,Maine,Lincoln,48,155,10,49
1780,Maine,Cumberland,296,836,33,308
1781,Maine,Piscataquis,12,26,6,54
1782,Maine,Aroostook,68,168,18,180
1783,Maine,Androscoggin,95,177,9,98
1784,Maine,Franklin,59,105,11,52
1785,Maine,Kennebec,125,324,14,139
1786,Maine,Waldo,51,63,4,57
1787,Maine,Penobscot,134,262,16,200
1788,Maine,York,113,577,19,193
1789,Maine,Oxford,89,261,7,101
1790,Maine,Hancock,90,193,11,90
1791,Maine,Washington,82,89,3,116
1792,Maine,Knox,88,96,5,54
1793,Maine,Somerset,33,96,2,83
1794,Maine,Sagadahoc,31,98,4,49
1795,Michigan,Cass,52,115,3,113
1796,Michigan,Ottawa,180,718,25,209
1797,Michigan,Crawford,11,40,1,13
1798,Michigan,Gladwin,17,66,1,15
1799,Michigan,Monroe,83,391,7,137
1800,Michigan,Iron,25,32,2,5
1801,Michigan,Branch,42,81,1,61
1802,Michigan,Marquette,66,189,12,64
1803,Michigan,Berrien,126,361,17,179
1804,Michigan,Ontonagon,17,16,1,11
1805,Michigan,Mackinac,28,58,2,14
1806,Michigan,Antrim,41,126,8,33
1807,Michigan,Delta,38,86,3,37
1808,Michigan,Kalamazoo,126,669,27,234
1809,Michigan,Jackson,77,273,5,145
1810,Michigan,Oceana,49,74,0,63
1811,Michigan,Allegan,87,307,9,172
1812,Michigan,Emmet,65,181,5,51
1813,Michigan,Mason,30,83,3,47
1814,Michigan,Van_Buren,83,208,8,164
1815,Michigan,Clinton,76,213,4,70
1816,Michigan,Iosco,51,88,1,24
1817,Michigan,Dickinson,39,94,2,28
1818,Michigan,Kent,362,1476,24,490
1819,Michigan,Isabella,62,189,3,36
1820,Michigan,Bay,53,199,2,96
1821,Michigan,Montmorency,19,58,0,13
1822,Michigan,Cheboygan,43,95,1,46
1823,Michigan,Keweenaw,37,26,0,3
1824,Michigan,Luce,10,21,2,4
1825,Michigan,Livingston,65,386,7,68
1826,Michigan,Manistee,50,70,4,40
1827,Michigan,Huron,61,157,3,51
1828,Michigan,Macomb,228,1020,21,588
1829,Michigan,Sanilac,37,128,1,78
1830,Michigan,Ingham,237,866,27,236
1831,Michigan,Gogebic,32,63,5,18
1832,Michigan,Alcona,23,22,0,7
1833,Michigan,Schoolcraft,17,19,0,11
1834,Michigan,Alpena,32,115,3,38
1835,Michigan,Montcalm,77,166,2,46
1836,Michigan,Grand_Traverse,204,433,9,97
1837,Michigan,Washtenaw,333,1116,40,248
1838,Michigan,Saginaw,111,416,7,165
1839,Michigan,Oscoda,8,56,0,15
1840,Michigan,Otsego,27,75,3,29
1841,Michigan,Newaygo,58,118,2,83
1842,Michigan,St_Joseph,63,170,3,89
1843,Michigan,Midland,97,308,3,72
1844,Michigan,Osceola,21,69,1,36
1845,Michigan,Oakland,725,2883,103,949
1846,Michigan,Eaton,100,207,4,148
1847,Michigan,Lapeer,50,125,5,52
1848,Michigan,Menominee,31,42,3,26
1849,Michigan,Benzie,51,110,1,27
1850,Michigan,St_Clair,106,301,9,94
1851,Michigan,Muskegon,97,430,7,162
1852,Michigan,Barry,42,131,0,81
1853,Michigan,Charlevoix,57,153,7,39
1854,Michigan,Kalkaska,20,32,2,25
1855,Michigan,Lenawee,76,277,5,104
1856,Michigan,Clare,22,56,1,27
1857,Michigan,Houghton,44,78,6,35
1858,Michigan,Leelanau,79,202,3,20
1859,Michigan,Tuscola,48,203,0,78
1860,Michigan,Gratiot,44,125,3,45
1861,Michigan,Ogemaw,36,61,3,21
1862,Michigan,Arenac,20,47,1,10
1863,Michigan,Chippewa,47,69,5,52
1864,Michigan,Mecosta,49,139,1,36
1865,Michigan,Hillsdale,40,117,2,51
1866,Michigan,Ionia,59,146,3,51
1867,Michigan,Alger,22,19,2,11
1868,Michigan,Wexford,26,69,5,47
1869,Michigan,Missaukee,21,41,1,21
1870,Michigan,Shiawassee,52,211,3,85
1871,Michigan,Baraga,22,22,0,10
1872,Michigan,Roscommon,16,23,1,13
1873,Michigan,Genesee,226,709,17,295
1874,Michigan,Wayne,1012,2464,83,1646
1875,Michigan,Calhoun,104,306,10,166
1876,Michigan,Presque_Isle,46,80,4,25
1877,Iowa,Scott,171,553,25,142
1878,Iowa,Warren,47,176,8,66
1879,Iowa,Webster,43,80,4,35
1880,Iowa,Buena_Vista,38,54,4,19
1881,Iowa,Henry,21,54,0,25
1882,Iowa,Poweshiek,16,76,4,12
1883,Iowa,Cedar,23,48,0,36
1884,Iowa,Hardin,48,70,5,28
1885,Iowa,Grundy,19,40,4,18
1886,Iowa,Chickasaw,21,30,1,12
1887,Iowa,Clinton,51,142,11,46
1888,Iowa,Story,117,307,15,62
1889,Iowa,Delaware,22,40,1,18
1890,Iowa,Dickinson,45,100,8,31
1891,Iowa,Lee,39,83,3,42
1892,Iowa,Louisa,8,22,3,10
1893,Iowa,Linn,195,823,45,176
1894,Iowa,Fayette,34,94,7,27
1895,Iowa,Buchanan,39,51,4,29
1896,Iowa,Jackson,64,74,2,30
1897,Iowa,Monona,19,24,1,16
1898,Iowa,Keokuk,8,26,3,14
1899,Iowa,Decatur,13,31,4,5
1900,Iowa,Kossuth,15,71,0,17
1901,Iowa,Tama,20,46,1,22
1902,Iowa,Franklin,23,25,0,12
1903,Iowa,Allamakee,20,19,0,14
1904,Iowa,Bremer,58,98,6,37
1905,Iowa,Harrison,24,54,5,13
1906,Iowa,Mitchell,13,26,0,9
1907,Iowa,Jefferson,20,56,3,21
1908,Iowa,Boone,22,81,7,34
1909,Iowa,Polk,350,1241,106,333
1910,Iowa,Cherokee,12,29,3,13
1911,Iowa,Guthrie,17,38,1,15
1912,Iowa,Palo_Alto,21,32,1,11
1913,Iowa,Mahaska,9,80,6,31
1914,Iowa,Clarke,13,43,2,25
1915,Iowa,Emmet,22,33,4,13
1916,Iowa,Audubon,16,17,2,8
1917,Iowa,Johnson,129,447,24,116
1918,Iowa,Page,23,60,2,23
1919,Iowa,Muscatine,42,102,3,35
1920,Iowa,Wapello,22,82,10,62
1921,Iowa,Winnebago,20,39,5,9
1922,Iowa,Clay,20,58,3,17
1923,Iowa,Pottawattamie,74,224,9,114
1924,Iowa,Madison,19,38,2,23
1925,Iowa,Iowa,8,49,2,16
1926,Iowa,Montgomery,13,24,1,10
1927,Iowa,O'Brien,19,55,5,19
1928,Iowa,Woodbury,83,241,12,84
1929,Iowa,Ringgold,10,11,0,3
1930,Iowa,Mills,20,45,4,35
1931,Iowa,Calhoun,25,45,1,11
1932,Iowa,Dallas,76,319,16,86
1933,Iowa,Cerro_Gordo,63,90,5,39
1934,Iowa,Appanoose,18,25,0,15
1935,Iowa,Carroll,30,78,7,29
1936,Iowa,Clayton,51,54,3,16
1937,Iowa,Hancock,15,25,0,17
1938,Iowa,Wright,29,44,0,18
1939,Iowa,Union,18,39,1,19
1940,Iowa,Cass,14,48,2,22
1941,Iowa,Lyon,17,44,1,18
1942,Iowa,Washington,17,74,5,22
1943,Iowa,Fremont,8,19,3,9
1944,Iowa,Lucas,21,34,1,89
1945,Iowa,Butler,12,49,1,16
1946,Iowa,Marion,40,153,11,43
1947,Iowa,Benton,39,64,1,28
1948,Iowa,Adair,13,20,0,9
1949,Iowa,Hamilton,16,29,0,19
1950,Iowa,Sioux,41,101,9,39
1951,Iowa,Plymouth,21,94,0,27
1952,Iowa,Jasper,38,89,6,30
1953,Iowa,Winneshiek,36,63,2,25
1954,Iowa,Greene,20,14,2,8
1955,Iowa,Sac,16,36,2,13
1956,Iowa,Crawford,20,46,3,15
1957,Iowa,Des_Moines,37,101,6,53
1958,Iowa,Marshall,42,76,5,39
1959,Iowa,Black_Hawk,167,268,16,100
1960,Iowa,Jones,18,74,1,24
1961,Iowa,Osceola,13,32,1,8
1962,Iowa,Dubuque,111,276,15,103
1963,Vermont,Chittenden,110,406,25,189
1964,Vermont,Windham,25,191,16,134
1965,Vermont,Rutland,54,171,16,120
1966,Vermont,Bennington,17,137,6,74
1967,Vermont,Windsor,68,275,25,109
1968,Vermont,Caledonia,24,76,8,133
1969,Vermont,Washington,40,174,8,112
1970,Vermont,Addison,32,107,11,94
1971,Vermont,Orange,20,112,20,93
1972,Vermont,Grand_Isle,5,22,6,9
1973,Vermont,Lamoille,43,94,10,68
1974,Vermont,Orleans,19,64,7,85
1975,Vermont,Franklin,32,68,4,77
1976,Vermont,Essex,5,20,1,21
1977,Pennsylvania,Lancaster,248,846,36,329
1978,Pennsylvania,Northumberland,51,130,3,62
1979,Pennsylvania,Snyder,21,58,4,25
1980,Pennsylvania,Union,23,105,4,34
1981,Pennsylvania,Schuylkill,127,279,6,142
1982,Pennsylvania,Pike,26,153,3,34
1983,Pennsylvania,Wayne,22,252,5,53
1984,Pennsylvania,Lycoming,53,235,7,93
1985,Pennsylvania,Forest,7,15,1,11
1986,Pennsylvania,Fayette,49,134,4,119
1987,Pennsylvania,Chester,271,1671,29,339
1988,Pennsylvania,Susquehanna,13,103,2,49
1989,Pennsylvania,Mercer,53,191,9,93
1990,Pennsylvania,Warren,30,76,3,60
1991,Pennsylvania,Clinton,42,88,4,41
1992,Pennsylvania,Franklin,48,260,17,140
1993,Pennsylvania,Jefferson,20,111,5,69
1994,Pennsylvania,Lawrence,40,113,7,57
1995,Pennsylvania,Clearfield,29,139,10,78
1996,Pennsylvania,Fulton,3,10,0,24
1997,Pennsylvania,Delaware,293,1049,37,344
1998,Pennsylvania,Montgomery,510,2320,66,571
1999,Pennsylvania,Indiana,28,97,5,65
2000,Pennsylvania,Montour,17,22,1,15
2001,Pennsylvania,Westmoreland,218,862,21,236
2002,Pennsylvania,Lackawanna,161,430,13,171
2003,Pennsylvania,Washington,0,0,0,0
2004,Pennsylvania,Mifflin,21,73,3,44
2005,Pennsylvania,Adams,22,216,12,123
2006,Pennsylvania,Huntingdon,23,77,5,70
2007,Pennsylvania,Berks,271,739,28,265
2008,Pennsylvania,Potter,15,20,1,35
2009,Pennsylvania,Crawford,55,184,20,146
2010,Pennsylvania,Tioga,20,47,5,26
2011,Pennsylvania,Lebanon,60,202,11,81
2012,Pennsylvania,Blair,40,126,8,74
2013,Pennsylvania,Venango,36,81,7,72
2014,Pennsylvania,Cumberland,149,730,26,217
2015,Pennsylvania,Lehigh,261,921,26,200
2016,Pennsylvania,Luzerne,218,457,14,206
2017,Pennsylvania,Perry,30,53,2,55
2018,Pennsylvania,Bedford,26,110,6,68
2019,Pennsylvania,Somerset,34,127,5,101
2020,Pennsylvania,McKean,26,84,5,41
2021,Pennsylvania,Cambria,83,246,11,84
2022,Pennsylvania,Dauphin,156,595,12,161
2023,Pennsylvania,Clarion,28,150,5,50
2024,Pennsylvania,Allegheny,603,2325,156,861
2025,Pennsylvania,Greene,22,45,1,21
2026,Pennsylvania,Beaver,132,278,14,118
2027,Pennsylvania,Northampton,326,789,18,237
2028,Pennsylvania,Philadelphia,525,1937,66,852
2029,Pennsylvania,Sullivan,1,14,0,9
2030,Pennsylvania,Centre,133,631,23,95
2031,Pennsylvania,Columbia,24,107,5,33
2032,Pennsylvania,York,211,775,20,320
2033,Pennsylvania,Juniata,7,26,1,37
2034,Pennsylvania,Bradford,20,64,2,46
2035,Pennsylvania,Elk,29,83,3,23
2036,Pennsylvania,Wyoming,10,38,0,23
2037,Pennsylvania,Butler,58,363,27,110
2038,Pennsylvania,Bucks,272,1519,51,392
2039,Pennsylvania,Erie,191,577,22,170
2040,Pennsylvania,Armstrong,27,120,4,59
2041,Pennsylvania,Monroe,79,314,11,75
2042,Pennsylvania,Carbon,54,101,4,45
2043,Tennessee,Montgomery,51,231,15,112
2044,Tennessee,Loudon,21,63,0,23
2045,Tennessee,Union,6,16,0,36
2046,Tennessee,Putnam,35,156,12,75
2047,Tennessee,Grundy,8,21,1,34
2048,Tennessee,Chester,7,26,1,26
2049,Tennessee,Fayette,2,3,0,59
2050,Tennessee,Wayne,6,45,1,19
2051,Tennessee,Morgan,5,35,0,31
2052,Tennessee,Hardin,20,18,0,23
2053,Tennessee,Overton,8,26,0,26
2054,Tennessee,Sumner,66,109,2,88
2055,Tennessee,Washington,40,111,1,50
2056,Tennessee,Hardeman,15,25,1,34
2057,Tennessee,Davidson,255,818,25,546
2058,Tennessee,Franklin,28,89,4,40
2059,Tennessee,Fentress,6,25,1,51
2060,Tennessee,Cannon,5,8,0,12
2061,Tennessee,Crockett,1,11,0,17
2062,Tennessee,Warren,6,27,0,22
2063,Tennessee,Knox,191,667,33,320
2064,Tennessee,Rutherford,74,380,31,215
2065,Tennessee,Meigs,15,11,0,8
2066,Tennessee,Lawrence,9,9,0,33
2067,Tennessee,Clay,6,16,0,14
2068,Tennessee,Dickson,12,48,1,35
2069,Tennessee,Sequatchie,4,18,1,16
2070,Tennessee,Cheatham,26,58,0,18
2071,Tennessee,Moore,2,16,0,6
2072,Tennessee,Hamblen,19,52,1,43
2073,Tennessee,Weakley,17,66,0,44
2074,Tennessee,Sevier,17,126,8,63
2075,Tennessee,Jackson,10,9,0,13
2076,Tennessee,Smith,12,18,0,14
2077,Tennessee,Roane,32,74,3,29
2078,Tennessee,Haywood,3,12,0,43
2079,Tennessee,Tipton,16,36,2,20
2080,Tennessee,Hickman,6,10,0,24
2081,Tennessee,Henderson,7,25,1,45
2082,Tennessee,Macon,6,27,0,13
2083,Tennessee,Trousdale,5,20,0,4
2084,Tennessee,Williamson,76,410,17,167
2085,Tennessee,Marshall,6,21,3,22
2086,Tennessee,Carter,22,36,1,55
2087,Tennessee,Carroll,13,55,0,35
2088,Tennessee,Unicoi,7,15,1,11
2089,Tennessee,Hancock,4,6,1,30
2090,Tennessee,White,5,16,1,32
2091,Tennessee,Stewart,19,6,0,20
2092,Tennessee,Shelby,251,879,26,633
2093,Tennessee,Bedford,12,66,1,70
2094,Tennessee,Anderson,42,125,5,48
2095,Tennessee,Rhea,26,37,3,20
2096,Tennessee,Hawkins,12,14,2,48
2097,Tennessee,Gibson,18,56,0,57
2098,Tennessee,Hamilton,178,691,31,254
2099,Tennessee,Lauderdale,6,23,0,16
2100,Tennessee,Blount,40,73,3,73
2101,Tennessee,Perry,5,9,1,14
2102,Tennessee,Claiborne,17,44,4,53
2103,Tennessee,Polk,20,23,0,12
2104,Tennessee,Henry,16,33,0,25
2105,Tennessee,Coffee,19,61,0,29
2106,Tennessee,Madison,27,133,0,83
2107,Tennessee,Grainger,17,24,0,17
2108,Tennessee,Robertson,9,53,2,42
2109,Tennessee,Jefferson,15,54,3,26
2110,Tennessee,Campbell,20,34,1,35
2111,Tennessee,Houston,0,6,0,4
2112,Tennessee,McNairy,1,18,0,23
2113,Tennessee,Obion,19,98,0,39
2114,Tennessee,Wilson,33,131,7,52
2115,Tennessee,McMinn,23,63,3,38
2116,Tennessee,Sullivan,52,89,7,78
2117,Tennessee,Greene,16,42,1,84
2118,Tennessee,Dyer,13,92,2,41
2119,Tennessee,Cocke,9,36,2,25
2120,Tennessee,Bledsoe,8,10,0,15
2121,Tennessee,Van_Buren,3,25,1,7
2122,Tennessee,Monroe,22,45,1,49
2123,Tennessee,Maury,34,86,1,57
2124,Tennessee,Bradley,29,99,4,54
2125,Tennessee,Benton,8,17,1,26
2126,Tennessee,Marion,20,66,0,29
2127,Tennessee,Cumberland,13,101,3,43
2128,Nebraska,Cheyenne,12,16,0,30
2129,Nebraska,Madison,26,75,1,97
2130,Nebraska,Box_Butte,16,21,0,57
2131,Nebraska,Harlan,5,3,0,4
2132,Nebraska,Keith,16,18,2,32
2133,Nebraska,Arthur,0,26,0,17
2134,Nebraska,Johnson,7,6,0,20
2135,Nebraska,Wayne,18,51,4,26
2136,Nebraska,Sarpy,163,505,17,219
2137,Nebraska,Howard,8,10,0,46
2138,Nebraska,Douglas,381,1438,48,559
2139,Nebraska,Rock,4,3,0,34
2140,Nebraska,Sherman,6,7,3,35
2141,Nebraska,Blaine,0,4,0,18
2142,Nebraska,Dawes,38,36,1,32
2143,Nebraska,Hayes,0,3,0,5
2144,Nebraska,York,20,55,5,21
2145,Nebraska,Lancaster,508,765,52,266
2146,Nebraska,Thomas,0,3,0,17
2147,Nebraska,Morrill,8,12,0,34
2148,Nebraska,Valley,10,9,0,66
2149,Nebraska,Thurston,7,23,2,28
2150,Nebraska,Burt,10,15,1,32
2151,Nebraska,Platte,29,47,2,73
2152,Nebraska,Dakota,18,42,1,24
2153,Nebraska,Sheridan,8,13,2,64
2154,Nebraska,Cass,17,64,5,26
2155,Nebraska,Custer,20,21,1,38
2156,Nebraska,Seward,23,33,0,28
2157,Nebraska,Clay,17,8,0,10
2158,Nebraska,Hooker,2,21,0,17
2159,Nebraska,Frontier,17,9,0,29
2160,Nebraska,Knox,28,21,0,41
2161,Nebraska,Loup,5,2,0,20
2162,Nebraska,Garden,9,6,2,30
2163,Nebraska,Saline,18,31,2,45
2164,Nebraska,Otoe,19,63,2,39
2165,Nebraska,Nemaha,15,29,1,29
2166,Nebraska,Chase,6,6,0,9
2167,Nebraska,Dodge,38,74,2,87
2168,Nebraska,Saunders,20,60,1,74
2169,Nebraska,Jefferson,16,10,0,40
2170,Nebraska,Adams,40,45,3,34
2171,Nebraska,Polk,9,11,0,18
2172,Nebraska,Greeley,5,13,0,54
2173,Nebraska,Richardson,17,18,1,39
2174,Nebraska,Webster,9,11,0,6
2175,Nebraska,Banner,0,2,0,4
2176,Nebraska,Stanton,6,6,2,9
2177,Nebraska,Antelope,10,14,1,62
2178,Nebraska,Phelps,10,24,4,17
2179,Nebraska,Fillmore,5,14,0,15
2180,Nebraska,Buffalo,42,63,3,61
2181,Nebraska,Cedar,25,19,2,35
2182,Nebraska,Pierce,9,13,2,40
2183,Nebraska,Washington,20,42,4,30
2184,Nebraska,Cuming,12,25,1,17
2185,Nebraska,Deuel,10,4,0,14
2186,Nebraska,Merrick,10,21,0,43
2187,Nebraska,Cherry,16,13,0,129
2188,Nebraska,Hamilton,11,31,0,10
2189,Nebraska,Hall,51,105,6,70
2190,Nebraska,Boone,7,10,0,13
2191,Nebraska,Gage,28,52,2,23
2192,Nebraska,Dixon,16,7,0,21
2193,Nebraska,Dawson,31,56,3,63
2194,Nebraska,Gosper,6,6,1,6
2195,Nebraska,Perkins,3,8,0,12
2196,Nebraska,Boyd,4,6,0,21
2197,Nebraska,Red_Willow,16,39,0,23
2198,Nebraska,Colfax,12,17,0,54
2199,Nebraska,Scotts_Bluff,52,72,0,42
2200,Nebraska,Lincoln,35,67,4,54
2201,Nebraska,Thayer,8,11,0,20
2202,Alabama,Marengo,11,30,0,26
2203,Alabama,Monroe,6,46,0,32
2204,Alabama,Tallapoosa,7,35,1,45
2205,Alabama,Elmore,26,48,2,56
2206,Alabama,Tuscaloosa,153,340,11,144
2207,Alabama,Bullock,2,6,0,23
2208,Alabama,Marion,7,39,8,30
2209,Alabama,Butler,22,37,2,32
2210,Alabama,Houston,57,186,4,109
2211,Alabama,Lowndes,3,9,0,44
2212,Alabama,Macon,6,19,1,33
2213,Alabama,Crenshaw,4,19,0,18
2214,Alabama,Dale,9,57,0,30
2215,Alabama,Etowah,25,119,1,114
2216,Alabama,Hale,19,36,0,12
2217,Alabama,Baldwin,86,600,17,167
2218,Alabama,Barbour,9,21,1,32
2219,Alabama,Lawrence,10,32,2,24
2220,Alabama,Greene,18,8,1,14
2221,Alabama,Limestone,31,162,14,92
2222,Alabama,Colbert,27,75,2,73
2223,Alabama,Chilton,13,41,0,26
2224,Alabama,DeKalb,21,72,4,28
2225,Alabama,Dallas,27,60,1,109
2226,Alabama,Lee,52,315,10,111
2227,Alabama,Blount,32,94,5,42
2228,Alabama,Washington,4,15,0,21
2229,Alabama,St_Clair,16,116,5,60
2230,Alabama,Pike,11,56,1,51
2231,Alabama,Coffee,12,77,4,43
2232,Alabama,Franklin,14,64,0,48
2233,Alabama,Calhoun,29,189,20,105
2234,Alabama,Russell,16,56,4,55
2235,Alabama,Coosa,3,1,0,15
2236,Alabama,Montgomery,83,402,3,204
2237,Alabama,Madison,166,733,89,217
2238,Alabama,Chambers,23,36,2,30
2239,Alabama,Shelby,83,444,14,142
2240,Alabama,Cleburne,5,9,0,13
2241,Alabama,Talladega,19,97,4,140
2242,Alabama,Cherokee,7,28,0,28
2243,Alabama,Bibb,14,30,0,21
2244,Alabama,Randolph,4,24,0,23
2245,Alabama,Walker,16,45,1,40
2246,Alabama,Clarke,14,34,0,31
2247,Alabama,Mobile,150,691,17,478
2248,Alabama,Covington,27,34,0,46
2249,Alabama,Choctaw,7,21,0,16
2250,Alabama,Jackson,37,72,1,58
2251,Alabama,Lauderdale,35,193,8,111
2252,Alabama,Fayette,4,22,0,19
2253,Alabama,Winston,7,25,1,19
2254,Alabama,Clay,2,6,0,16
2255,Alabama,Jefferson,234,875,52,442
2256,Alabama,Sumter,20,25,1,19
2257,Alabama,Autauga,21,51,2,63
2258,Alabama,Conecuh,0,13,0,13
2259,Alabama,Cullman,22,71,1,43
2260,Alabama,Geneva,5,28,0,23
2261,Alabama,Perry,5,23,1,17
2262,Alabama,Henry,8,18,0,17
2263,Alabama,Marshall,54,162,3,131
2264,Alabama,Morgan,58,202,14,81
2265,Alabama,Escambia,8,58,0,24
2266,Montana,Sanders,10,15,0,25
2267,Montana,Garfield,10,1,1,13
2268,Montana,Beaverhead,26,18,2,12
2269,Montana,Madison,23,19,1,11
2270,Montana,Meagher,6,7,0,5
2271,Montana,Yellowstone,207,268,11,96
2272,Montana,Carter,5,2,0,8
2273,Montana,Cascade,94,139,8,58
2274,Montana,Flathead,107,184,6,70
2275,Montana,Chouteau,15,57,2,23
2276,Montana,Toole,17,18,0,22
2277,Montana,Judith_Basin,6,7,0,8
2278,Montana,Treasure,1,2,1,1
2279,Montana,Richland,17,12,1,18
2280,Montana,Silver_Bow,34,69,7,19
2281,Montana,Fergus,24,31,3,29
2282,Montana,Deer_Lodge,21,16,2,20
2283,Montana,Jefferson,19,22,1,15
2284,Montana,Pondera,15,26,0,20
2285,Montana,Park,24,28,1,28
2286,Montana,Dawson,34,28,1,17
2287,Montana,Gallatin,309,193,25,88
2288,Montana,Broadwater,8,8,0,6
2289,Montana,Fallon,11,10,0,7
2290,Montana,Sweet_Grass,5,7,0,10
2291,Montana,Carbon,21,22,1,14
2292,Montana,McCone,9,8,0,6
2293,Montana,Glacier,7,16,0,30
2294,Montana,Petroleum,3,0,0,1
2295,Montana,Powder_River,1,5,0,4
2296,Montana,Mineral,6,16,1,7
2297,Montana,Liberty,2,4,0,10
2298,Montana,Roosevelt,21,24,0,25
2299,Montana,Lake,31,61,3,30
2300,Montana,Prairie,4,6,0,7
2301,Montana,Hill,32,29,4,26
2302,Montana,Granite,7,4,2,13
2303,Montana,Phillips,16,5,0,20
2304,Montana,Lewis_and_Clark,126,121,5,62
2305,Montana,Blaine,12,11,0,21
2306,Montana,Rosebud,31,43,2,29
2307,Montana,Wibaux,7,3,0,11
2308,Montana,Valley,28,19,1,18
2309,Montana,Powell,10,7,1,13
2310,Montana,Ravalli,44,103,5,50
2311,Montana,Teton,12,25,2,25
2312,Montana,Sheridan,13,8,1,15
2313,Montana,Lincoln,22,54,1,19
2314,Montana,Musselshell,4,7,0,8
2315,Montana,Big_Horn,19,23,2,22
2316,Montana,Wheatland,9,5,0,9
2317,Montana,Custer,16,28,2,41
2318,Montana,Missoula,164,264,10,81
2319,Montana,Stillwater,8,24,2,19
2320,Mississippi,Hinds,48,312,4,210
2321,Mississippi,Union,5,38,0,20
2322,Mississippi,Warren,11,48,3,22
2323,Mississippi,Wayne,11,27,3,27
2324,Mississippi,Leake,2,28,0,16
2325,Mississippi,Jefferson_Davis,1,6,0,39
2326,Mississippi,Harrison,63,227,6,81
2327,Mississippi,Walthall,1,7,0,20
2328,Mississippi,Oktibbeha,20,85,3,36
2329,Mississippi,Simpson,9,22,0,11
2330,Mississippi,Choctaw,5,17,0,18
2331,Mississippi,Jackson,52,168,2,78
2332,Mississippi,Jones,23,106,1,91
2333,Mississippi,DeSoto,72,168,3,63
2334,Mississippi,Lauderdale,27,95,4,54
2335,Mississippi,Clay,11,29,0,20
2336,Mississippi,Sharkey,2,20,0,10
2337,Mississippi,Yazoo,3,15,0,25
2338,Mississippi,Lawrence,4,27,1,20
2339,Mississippi,Pearl_River,17,58,0,28
2340,Mississippi,Clarke,4,26,1,16
2341,Mississippi,Smith,5,20,0,5
2342,Mississippi,Stone,5,30,0,30
2343,Mississippi,Pontotoc,7,35,1,13
2344,Mississippi,Claiborne,5,17,0,19
2345,Mississippi,Tippah,5,23,3,35
2346,Mississippi,Calhoun,8,21,0,23
2347,Mississippi,Covington,3,20,2,18
2348,Mississippi,Forrest,38,196,10,98
2349,Mississippi,Madison,28,138,3,37
2350,Mississippi,Hancock,12,41,2,29
2351,Mississippi,Marshall,4,30,3,25
2352,Mississippi,Carroll,0,10,1,22
2353,Mississippi,Scott,11,40,0,26
2354,Mississippi,Alcorn,4,31,0,32
2355,Mississippi,Perry,7,12,1,10
2356,Mississippi,Sunflower,9,63,5,69
2357,Mississippi,Lee,15,105,5,48
2358,Mississippi,Newton,2,38,0,24
2359,Mississippi,Montgomery,1,16,1,29
2360,Mississippi,Rankin,36,243,4,104
2361,Mississippi,Kemper,2,13,2,7
2362,Mississippi,Coahoma,10,41,1,30
2363,Mississippi,Neshoba,4,49,0,17
2364,Mississippi,Lowndes,15,84,2,32
2365,Mississippi,Leflore,22,93,4,69
2366,Mississippi,Amite,2,8,0,9
2367,Mississippi,Jasper,9,19,1,33
2368,Mississippi,Attala,5,23,0,16
2369,Mississippi,Grenada,24,45,6,32
2370,Mississippi,Lafayette,44,198,5,82
2371,Mississippi,George,7,6,0,28
2372,Mississippi,Washington,24,60,1,49
2373,Mississippi,Lamar,6,34,3,34
2374,Mississippi,Bolivar,15,41,2,52
2375,Mississippi,Pike,5,36,0,38
2376,Mississippi,Tishomingo,13,20,0,22
2377,Mississippi,Wilkinson,0,5,0,33
2378,Hawaii,Kauai,57,146,6,146
2379,Hawaii,Hawaii,125,321,27,313
2380,Hawaii,Honolulu,373,1317,64,1393
2381,Hawaii,Maui,95,310,25,165
2382,Washington,Cowlitz,75,234,10,179
2383,Washington,Kittitas,67,83,10,33
2384,Washington,Lincoln,18,31,1,40
2385,Washington,San_Juan,42,135,5,26
2386,Washington,Wahkiakum,5,13,0,10
2387,Washington,Clark,435,874,54,368
2388,Washington,Asotin,15,25,1,18
2389,Washington,Columbia,9,9,1,5
2390,Washington,Klickitat,40,48,3,40
2391,Washington,Ferry,10,15,0,38
2392,Washington,Adams,24,42,0,26
2393,Washington,Whatcom,153,313,25,168
2394,Washington,Pacific,36,55,1,35
2395,Washington,Grant,100,218,7,173
2396,Washington,Jefferson,46,110,7,29
2397,Washington,Mason,58,57,3,76
2398,Washington,Clallam,71,109,11,109
2399,Washington,Whitman,80,105,7,76
2400,Washington,Benton,200,546,20,184
2401,Washington,Yakima,120,491,17,267
2402,Washington,Pend_Oreille,19,24,1,27
2403,Washington,Skamania,12,31,0,18
2404,Washington,Kitsap,197,446,21,265
2405,Washington,King,2376,4204,185,1683
2406,Washington,Walla_Walla,40,117,4,64
2407,Washington,Lewis,61,250,5,139
2408,Washington,Pierce,931,1757,58,813
2409,Washington,Island,131,140,9,55
2410,Washington,Franklin,56,395,10,174
2411,Washington,Skagit,123,185,13,128
2412,Washington,Thurston,253,573,27,347
2413,Washington,Spokane,351,1032,27,448
2414,Washington,Douglas,28,78,2,47
2415,Washington,Stevens,29,73,1,97
2416,Washington,Grays_Harbor,127,219,11,122
2417,Washington,Snohomish,0,0,0,0
2418,Washington,Okanogan,64,99,5,89
2419,Washington,Chelan,68,164,13,62
2420,North Carolina,Rockingham,43,101,3,61
2421,North Carolina,Durham,126,537,38,182
2422,North Carolina,Robeson,34,159,3,99
2423,North Carolina,Onslow,61,265,13,145
2424,North Carolina,Pasquotank,17,70,2,37
2425,North Carolina,New_Hanover,76,432,14,96
2426,North Carolina,Guilford,159,684,30,295
2427,North Carolina,Davidson,49,238,13,99
2428,North Carolina,Buncombe,100,340,18,113
2429,North Carolina,Franklin,7,64,0,28
2430,North Carolina,Caldwell,33,80,7,48
2431,North Carolina,Granville,10,31,1,31
2432,North Carolina,Brunswick,68,262,8,41
2433,North Carolina,Mitchell,7,15,0,20
2434,North Carolina,Pamlico,12,38,2,18
2435,North Carolina,Hoke,10,46,2,106
2436,North Carolina,Iredell,55,159,7,76
2437,North Carolina,Richmond,19,62,1,41
2438,North Carolina,Cherokee,5,31,0,34
2439,North Carolina,Warren,6,26,0,24
2440,North Carolina,Polk,10,113,2,24
2441,North Carolina,Wilkes,26,79,2,35
2442,North Carolina,Alexander,9,37,0,12
2443,North Carolina,Bladen,15,67,2,27
2444,North Carolina,Hertford,3,33,3,24
2445,North Carolina,Currituck,8,106,5,25
2446,North Carolina,Stokes,11,46,1,29
2447,North Carolina,Beaufort,18,60,1,37
2448,North Carolina,Stanly,25,129,10,43
2449,North Carolina,Nash,24,138,3,46
2450,North Carolina,Orange,70,374,29,93
2451,North Carolina,Ashe,12,39,1,34
2452,North Carolina,Transylvania,10,91,1,17
2453,North Carolina,Watauga,34,83,8,18
2454,North Carolina,Gaston,80,267,12,103
2455,North Carolina,Anson,3,31,1,20
2456,North Carolina,Cabarrus,45,350,23,78
2457,North Carolina,Cumberland,98,372,11,284
2458,North Carolina,Alamance,54,175,6,72
2459,North Carolina,Madison,6,34,1,27
2460,North Carolina,Yadkin,7,59,0,52
2461,North Carolina,Pender,27,68,2,28
2462,North Carolina,Johnston,68,214,5,123
2463,North Carolina,Wake,601,1548,181,526
2464,North Carolina,Lee,12,82,3,24
2465,North Carolina,Hyde,3,4,1,21
2466,North Carolina,Perquimans,2,5,1,6
2467,North Carolina,Chowan,4,19,1,13
2468,North Carolina,Chatham,42,127,5,26
2469,North Carolina,Pitt,35,159,4,78
2470,North Carolina,Macon,21,26,2,16
2471,North Carolina,Lincoln,12,85,4,43
2472,North Carolina,Harnett,18,83,3,53
2473,North Carolina,Edgecombe,20,52,1,39
2474,North Carolina,Vance,18,35,1,31
2475,North Carolina,Martin,11,26,1,22
2476,North Carolina,Davie,5,62,9,28
2477,North Carolina,Graham,5,18,0,17
2478,North Carolina,Montgomery,14,58,2,26
2479,North Carolina,Duplin,8,52,1,26
2480,North Carolina,Catawba,55,203,7,82
2481,North Carolina,Rowan,54,195,10,78
2482,North Carolina,Carteret,57,176,12,30
2483,North Carolina,Henderson,28,195,6,61
2484,North Carolina,Haywood,20,45,4,36
2485,North Carolina,Jones,5,15,1,10
2486,North Carolina,Moore,25,203,12,38
2487,North Carolina,Bertie,6,25,1,14
2488,North Carolina,Surry,51,160,7,97
2489,North Carolina,Washington,8,54,0,16
2490,North Carolina,Jackson,37,82,9,19
2491,North Carolina,Cleveland,23,110,4,69
2492,North Carolina,Swain,13,25,3,27
2493,North Carolina,McDowell,12,29,3,16
2494,North Carolina,Craven,47,126,8,50
2495,North Carolina,Randolph,25,168,5,61
2496,North Carolina,Wilson,27,131,3,39
2497,North Carolina,Gates,14,10,1,10
2498,North Carolina,Person,11,24,0,21
2499,North Carolina,Halifax,17,38,3,64
2500,North Carolina,Yancey,9,28,1,25
2501,North Carolina,Caswell,4,29,1,14
2502,North Carolina,Clay,5,19,2,20
2503,North Carolina,Rutherford,33,79,4,51
2504,North Carolina,Mecklenburg,383,1830,84,928
2505,North Carolina,Greene,2,38,0,16
2506,North Carolina,Alleghany,4,16,1,8
2507,North Carolina,Dare,36,162,12,28
2508,North Carolina,Tyrrell,4,6,0,9
2509,North Carolina,Camden,4,2,0,5
2510,North Carolina,Lenoir,11,67,4,63
2511,North Carolina,Burke,54,116,3,61
2512,North Carolina,Northampton,4,10,1,28
2513,North Carolina,Wayne,21,189,5,58
2514,North Carolina,Forsyth,111,433,33,362
2515,North Carolina,Union,47,415,17,160
2516,North Carolina,Columbus,9,86,3,46
2517,North Carolina,Sampson,11,98,2,73
2518,North Carolina,Avery,13,125,4,17
2519,Illinois,Madison,187,543,18,242
2520,Illinois,Ogle,43,154,3,58
2521,Illinois,Cook,2694,7032,477,3932
2522,Illinois,Edwards,3,2,1,5
2523,Illinois,Jefferson,19,63,2,39
2524,Illinois,Calhoun,10,10,1,9
2525,Illinois,Kankakee,96,136,7,96
2526,Illinois,Lawrence,6,8,0,18
2527,Illinois,Douglas,20,31,1,16
2528,Illinois,Clay,6,20,1,12
2529,Illinois,Coles,69,174,7,41
2530,Illinois,Alexander,13,8,0,22
2531,Illinois,Knox,50,112,12,42
2532,Illinois,Kane,468,1050,20,330
2533,Illinois,Lake,648,2039,59,473
2534,Illinois,Brown,9,8,0,4
2535,Illinois,Carroll,21,20,0,31
2536,Illinois,Massac,11,38,1,23
2537,Illinois,Union,11,29,0,23
2538,Illinois,Shelby,22,33,1,21
2539,Illinois,Hancock,29,24,2,22
2540,Illinois,Kendall,145,560,7,94
2541,Illinois,Wayne,8,14,0,18
2542,Illinois,Menard,11,26,1,15
2543,Illinois,Wabash,2,33,0,7
2544,Illinois,Ford,13,48,3,18
2545,Illinois,Piatt,17,23,1,23
2546,Illinois,Monroe,25,89,1,28
2547,Illinois,Marion,27,59,3,34
2548,Illinois,Effingham,18,106,2,33
2549,Illinois,Cumberland,5,5,0,8
2550,Illinois,LaSalle,71,170,4,95
2551,Illinois,Macon,85,196,7,94
2552,Illinois,Moultrie,17,17,0,16
2553,Illinois,Iroquois,13,42,1,37
2554,Illinois,Greene,20,25,1,14
2555,Illinois,Stephenson,27,53,4,32
2556,Illinois,DeKalb,90,208,9,93
2557,Illinois,St_Clair,142,518,25,232
2558,Illinois,Edgar,17,38,0,16
2559,Illinois,Franklin,31,65,5,31
2560,Illinois,McDonough,51,120,4,23
2561,Illinois,Lee,33,60,1,28
2562,Illinois,Jersey,13,39,0,16
2563,Illinois,Peoria,138,363,35,334
2564,Illinois,Jo_Daviess,38,132,4,31
2565,Illinois,Scott,6,9,0,6
2566,Illinois,Henry,41,92,6,48
2567,Illinois,Pulaski,2,5,0,4
2568,Illinois,Washington,17,34,0,13
2569,Illinois,Perry,5,37,2,22
2570,Illinois,Vermilion,62,173,4,106
2571,Illinois,Macoupin,34,84,1,46
2572,Illinois,Warren,16,44,2,33
2573,Illinois,Mercer,17,37,1,17
2574,Illinois,Adams,69,150,7,41
2575,Illinois,Livingston,30,89,4,36
2576,Illinois,Randolph,24,51,1,26
2577,Illinois,Woodford,30,85,4,29
2578,Illinois,Pope,3,3,1,10
2579,Illinois,Fayette,12,22,2,14
2580,Illinois,White,9,28,0,18
2581,Illinois,Whiteside,71,148,6,78
2582,Illinois,Grundy,45,94,1,54
2583,Illinois,Will,514,1118,25,437
2584,Illinois,McHenry,238,804,8,177
2585,Illinois,McLean,148,545,88,119
2586,Illinois,Henderson,12,9,0,11
2587,Illinois,Hardin,3,9,0,10
2588,Illinois,Sangamon,122,828,17,211
2589,Illinois,Pike,19,23,0,18
2590,Illinois,Clinton,33,57,4,30
2591,Illinois,Morgan,32,90,2,39
2592,Illinois,Richland,10,38,2,9
2593,Illinois,Logan,32,62,1,27
2594,Illinois,Champaign,176,550,70,139
2595,Illinois,Stark,5,13,0,8
2596,Illinois,Williamson,29,133,6,45
2597,Illinois,Marshall,19,34,2,9
2598,Illinois,Jackson,67,128,2,62
2599,Illinois,DuPage,717,2133,58,619
2600,Illinois,Saline,12,49,3,42
2601,Illinois,Bond,10,24,4,6
2602,Illinois,Winnebago,170,465,13,249
2603,Illinois,Boone,30,126,3,45
2604,Illinois,Fulton,33,50,1,32
2605,Illinois,Bureau,42,95,0,37
2606,Illinois,Mason,19,34,0,15
2607,Illinois,Hamilton,3,12,0,10
2608,Illinois,Christian,23,69,1,51
2609,Illinois,Tazewell,93,330,26,147
2610,Illinois,Rock_Island,117,442,29,137
2611,New York,Richmond,136,954,28,288
2612,New York,Tioga,41,92,0,40
2613,New York,Kings,492,1540,99,1093
2614,New York,Schuyler,8,27,1,7
2615,New York,Madison,44,147,8,31
2616,New York,Niagara,113,382,13,110
2617,New York,Franklin,23,76,5,28
2618,New York,Saratoga,131,387,21,127
2619,New York,Jefferson,75,238,5,57
2620,New York,Genesee,32,115,5,36
2621,New York,Seneca,21,64,2,18
2622,New York,Ontario,0,0,0,0
2623,New York,Bronx,356,781,14,448
2624,New York,Delaware,27,155,9,44
2625,New York,Wyoming,16,94,5,20
2626,New York,Schoharie,13,55,0,21
2627,New York,St_Lawrence,66,179,9,80
2628,New York,Broome,105,334,7,114
2629,New York,Ulster,120,453,30,121
2630,New York,Chenango,20,84,0,25
2631,New York,Chemung,56,187,5,54
2632,New York,Monroe,304,1600,45,444
2633,New York,Herkimer,32,113,3,65
2634,New York,Orleans,22,70,1,15
2635,New York,Queens,632,1814,45,721
2636,New York,Greene,14,146,5,22
2637,New York,Chautauqua,83,314,10,85
2638,New York,Cortland,21,107,3,32
2639,New York,Suffolk,770,3644,55,952
2640,New York,New_York,445,913,64,586
2641,New York,Oneida,127,543,27,142
2642,New York,Warren,53,265,9,43
2643,New York,Wayne,43,177,4,66
2644,New York,Onondaga,249,920,34,272
2645,New York,Lewis,18,58,3,11
2646,New York,Clinton,43,197,3,42
2647,New York,Dutchess,158,687,10,204
2648,New York,Hamilton,5,46,4,12
2649,New York,Westchester,507,1837,33,576
2650,New York,Putnam,30,130,1,50
2651,New York,Allegany,47,129,3,35
2652,New York,Nassau,939,3249,153,1064
2653,New York,Yates,4,72,1,11
2654,New York,Rockland,72,433,9,185
2655,New York,Erie,508,1717,50,568
2656,New York,Columbia,41,138,1,42
2657,New York,Livingston,41,142,4,44
2658,New York,Otsego,33,200,4,40
2659,New York,Sullivan,44,312,9,46
2660,New York,Albany,232,683,43,200
2661,New York,Schenectady,0,0,0,0
2662,New York,Montgomery,42,84,0,56
2663,New York,Cattaraugus,43,190,12,60
2664,New York,Tompkins,61,169,11,63
2665,New York,Orange,248,762,27,282
2666,New York,Essex,45,144,14,42
2667,New York,Fulton,39,117,4,49
2668,New York,Rensselaer,110,324,24,122
2669,New York,Cayuga,43,170,5,41
2670,New York,Oswego,51,151,4,65
2671,New York,Washington,33,148,3,92
2672,New York,Steuben,56,260,5,100
2673,Rhode Island,Providence,268,742,26,535
2674,Rhode Island,Washington,48,358,7,108
2675,Rhode Island,Newport,50,334,10,100
2676,Rhode Island,Bristol,41,148,5,69
2677,Rhode Island,Kent,46,279,9,122
2678,Missouri,Audrain,18,60,2,31
2679,Missouri,St_Louis_city,178,419,27,259
2680,Missouri,Texas,6,15,0,88
2681,Missouri,Dallas,3,9,1,30
2682,Missouri,Pike,21,22,1,38
2683,Missouri,Phelps,23,57,1,66
2684,Missouri,Caldwell,7,15,0,62
2685,Missouri,Franklin,39,157,5,145
2686,Missouri,Chariton,9,12,0,25
2687,Missouri,Boone,103,595,34,149
2688,Missouri,Linn,36,33,2,45
2689,Missouri,Gentry,3,15,0,19
2690,Missouri,Cole,35,100,0,55
2691,Missouri,Harrison,7,14,0,43
2692,Missouri,Shannon,12,11,0,35
2693,Missouri,New_Madrid,19,20,0,15
2694,Missouri,Ste_Genevieve,2,6,0,13
2695,Missouri,Howell,23,133,1,66
2696,Missouri,St_Louis,389,1650,89,709
2697,Missouri,Wright,8,22,0,58
2698,Missouri,Jasper,40,225,4,117
2699,Missouri,Carroll,19,23,1,46
2700,Missouri,St_Francois,21,81,0,38
2701,Missouri,Dent,13,29,1,49
2702,Missouri,Scotland,9,9,0,9
2703,Missouri,Nodaway,23,70,1,74
2704,Missouri,Ozark,6,19,0,11
2705,Missouri,Camden,13,89,1,22
2706,Missouri,Douglas,3,12,0,51
2707,Missouri,Butler,9,28,0,53
2708,Missouri,Marion,33,39,2,37
2709,Missouri,Benton,21,8,0,33
2710,Missouri,Cooper,15,34,2,28
2711,Missouri,Stoddard,5,51,0,47
2712,Missouri,Newton,10,44,1,47
2713,Missouri,Worth,1,3,0,25
2714,Missouri,Johnson,26,152,4,55
2715,Missouri,Cedar,14,11,0,29
2716,Missouri,Cape_Girardeau,36,126,1,64
2717,Missouri,DeKalb,3,7,1,29
2718,Missouri,Pemiscot,5,41,2,31
2719,Missouri,Buchanan,43,138,6,115
2720,Missouri,Scott,6,51,1,27
2721,Missouri,Polk,11,43,2,36
2722,Missouri,Lawrence,13,53,2,16
2723,Missouri,Laclede,6,26,0,49
2724,Missouri,Greene,105,407,22,233
2725,Missouri,Lafayette,24,94,6,77
2726,Missouri,Bates,9,29,0,60
2727,Missouri,Perry,4,30,0,41
2728,Missouri,Callaway,12,79,4,46
2729,Missouri,Henry,14,37,0,70
2730,Missouri,Clark,4,6,0,34
2731,Missouri,Jefferson,40,175,7,94
2732,Missouri,Ray,11,32,1,49
2733,Missouri,Bollinger,9,27,0,44
2734,Missouri,Moniteau,11,19,0,33
2735,Missouri,Atchison,4,11,2,66
2736,Missouri,Livingston,7,31,0,43
2737,Missouri,Daviess,1,12,2,33
2738,Missouri,Miller,11,28,1,32
2739,Missouri,Lincoln,38,58,2,55
2740,Missouri,Barton,3,26,0,35
2741,Missouri,Christian,8,75,1,36
2742,Missouri,Hickory,12,6,0,14
2743,Missouri,Barry,23,45,0,40
2744,Missouri,Warren,28,43,0,45
2745,Missouri,Clay,139,482,17,215
2746,Missouri,Maries,3,5,0,40
2747,Missouri,Dunklin,14,48,2,25
2748,Missouri,St_Charles,119,459,32,153
2749,Missouri,Jackson,536,1244,47,572
2750,Missouri,Cass,40,127,2,120
2751,Missouri,Gasconade,5,16,0,17
2752,Missouri,Macon,13,19,1,53
2753,Missouri,Iron,3,24,0,19
2754,Missouri,Washington,8,30,1,40
2755,Missouri,Taney,41,106,10,48
2756,Missouri,Holt,6,3,2,39
2757,Missouri,Morgan,2,17,1,21
2758,Missouri,Grundy,8,22,1,29
2759,Missouri,Stone,28,24,0,17
2760,Missouri,McDonald,5,14,0,28
2761,Missouri,Adair,15,40,1,39
2762,Missouri,Ralls,18,7,0,22
2763,Missouri,Crawford,21,27,0,56
2764,Missouri,Randolph,29,36,3,39
2765,Missouri,Wayne,15,19,0,26
2766,Missouri,Clinton,19,45,1,50
2767,Missouri,Pettis,34,61,0,50
2768,Missouri,Saline,10,57,4,53
2769,Missouri,Osage,1,11,0,22
2770,Missouri,Ripley,5,3,0,29
2771,Missouri,Andrew,5,37,0,46
2772,Missouri,Webster,13,18,1,47
2773,Missouri,Sullivan,3,11,0,11
2774,Missouri,Platte,69,271,16,84
2775,Missouri,Dade,3,6,0,4
2776,Missouri,Pulaski,13,51,0,42
2777,Missouri,Vernon,14,36,1,61
